customer_id,customer_name,customer_segment,signup_date,location_id
CUST00001,Aarav Patel,New,2024-01-07,LOC0117
CUST00002,Divya Gupta,Loyal,2024-08-02,LOC0034
CUST00003,Pooja Nair,New,2022-11-17,LOC0093
CUST00004,Sneha Nair,Regular,2024-01-15,LOC0079
CUST00005,Kavya Chawla,New,2022-05-04,LOC0025
CUST00006,Meera Iyer,Regular,2024-06-24,LOC0058
CUST00007,Karthik Sharma,Loyal,2024-12-09,LOC0088
CUST00008,Divya Reddy,Regular,2022-07-13,LOC0059
CUST00009,Priya Patel,New,2023-08-05,LOC0077
CUST00010,Vikram Reddy,New,2024-05-23,LOC0145
CUST00011,Neha Pillai,Regular,2024-07-14,LOC0055
CUST00012,Vikram Chawla,Loyal,2024-01-24,LOC0114
CUST00013,Rohan Patel,Regular,2024-11-30,LOC0032
CUST00014,Aditya Das,New,2023-04-14,LOC0036
CUST00015,Rohan Rao,Loyal,2023-11-29,LOC0073
CUST00016,Aarav Kumar,New,2024-03-01,LOC0131
CUST00017,Aditya Kumar,Regular,2022-04-01,LOC0062
CUST00018,Priya Rao,Regular,2024-02-03,LOC0019
CUST00019,Aarav Das,Loyal,2022-12-05,LOC0100
CUST00020,Rajesh Chawla,Loyal,2024-01-08,LOC0045
CUST00021,Rohan Sharma,New,2022-05-15,LOC0004
CUST00022,Ananya Verma,Regular,2023-11-12,LOC0074
CUST00023,Suresh Chawla,New,2024-05-17,LOC0103
CUST00024,Anita Gowda,New,2022-07-26,LOC0072
CUST00025,Rohan Banerjee,Regular,2025-06-12,LOC0040
CUST00026,Aditya Bhat,New,2024-04-02,LOC0017
CUST00027,Divya Rao,Loyal,2023-08-10,LOC0023
CUST00028,Priya Pillai,New,2023-11-07,LOC0015
CUST00029,Neha Patel,Regular,2024-12-19,LOC0036
CUST00030,Neha Deshmukh,Loyal,2023-12-25,LOC0133
CUST00031,Siddharth Nair,Regular,2022-11-01,LOC0069
CUST00032,Priya Sharma,New,2024-10-17,LOC0110
CUST00033,Rohan Singh,Regular,2024-09-26,LOC0148
CUST00034,Meera Pillai,Regular,2023-04-18,LOC0015
CUST00035,Rajesh Nair,Loyal,2022-12-05,LOC0066
CUST00036,Rajesh Patel,New,2024-10-04,LOC0131
CUST00037,Aarav Rao,Regular,2024-04-05,LOC0094
CUST00038,Vikram Nair,New,2024-07-02,LOC0108
CUST00039,Kavya Chawla,Regular,2023-04-25,LOC0020
CUST00040,Priya Banerjee,New,2024-08-02,LOC0014
CUST00041,Suresh Verma,Loyal,2022-08-19,LOC0120
CUST00042,Pooja Joshi,New,2024-06-06,LOC0117
CUST00043,Arjun Kumar,Regular,2024-05-30,LOC0078
CUST00044,Kavya Pillai,Premium,2024-02-22,LOC0127
CUST00045,Arjun Gowda,Premium,2023-01-30,LOC0002
CUST00046,Aarav Rao,Premium,2023-03-19,LOC0003
CUST00047,Aarav Mehta,Regular,2022-11-11,LOC0053
CUST00048,Kavya Chawla,Premium,2025-01-03,LOC0016
CUST00049,Vikram Singh,Loyal,2022-12-29,LOC0060
CUST00050,Suresh Chawla,Regular,2024-07-13,LOC0096
CUST00051,Rohan Bhat,Regular,2024-04-14,LOC0035
CUST00052,Aditya Iyer,Regular,2023-10-06,LOC0016
CUST00053,Vikram Rao,Loyal,2023-04-29,LOC0081
CUST00054,Aditya Joshi,New,2023-10-29,LOC0070
CUST00055,Arjun Reddy,New,2022-06-27,LOC0040
CUST00056,Karthik Pillai,Regular,2023-09-14,LOC0031
CUST00057,Arjun Pillai,Loyal,2023-11-14,LOC0068
CUST00058,Rohan Nair,New,2022-11-22,LOC0011
CUST00059,Rahul Reddy,Premium,2024-11-13,LOC0064
CUST00060,Aditya Banerjee,New,2024-10-30,LOC0077
CUST00061,Neha Sharma,Regular,2024-10-30,LOC0116
CUST00062,Anita Rao,Loyal,2024-03-01,LOC0027
CUST00063,Vikram Patel,New,2023-02-27,LOC0057
CUST00064,Aditya Das,Regular,2023-10-22,LOC0022
CUST00065,Siddharth Iyer,Loyal,2023-02-25,LOC0051
CUST00066,Karthik Reddy,New,2025-05-29,LOC0085
CUST00067,Karthik Verma,Regular,2025-05-10,LOC0147
CUST00068,Aditya Deshmukh,New,2024-01-12,LOC0110
CUST00069,Arjun Nair,Loyal,2023-05-27,LOC0115
CUST00070,Ananya Menon,Regular,2023-11-11,LOC0063
CUST00071,Meera Chawla,New,2023-07-29,LOC0016
CUST00072,Aditya Reddy,New,2022-12-22,LOC0135
CUST00073,Anita Sharma,Regular,2024-08-28,LOC0092
CUST00074,Meera Das,regular,2023-08-14,LOC0083
CUST00075,Neha Sharma,New,2024-03-24,LOC0057
CUST00076,Siddharth Verma,Loyal,2023-10-29,LOC0092
CUST00077,Kavya Nair,New,2023-07-22,LOC0062
CUST00078,Ananya Rao,Regular,2024-07-26,LOC0100
CUST00079,Neha Nair,Loyal,2024-04-30,LOC0082
CUST00080,Sneha Bhat,Premium,2024-12-07,LOC0091
CUST00081,Rajesh Reddy,Loyal,2024-11-14,LOC0049
CUST00082,Meera Gowda,New,2023-01-22,LOC0126
CUST00083,Ananya Rao,Regular,2022-10-09,LOC0006
CUST00084,Aarav Joshi,New,2022-09-15,LOC0034
CUST00085,Neha Joshi,Regular,2022-12-24,LOC0038
CUST00086,Vikram Patel,Premium,2024-09-04,LOC0094
CUST00087,Sneha Mehta,New,2022-06-18,LOC0087
CUST00088,Vikram Nair,Regular,2024-08-10,LOC0125
CUST00089,Neha Gowda,New,2024-07-09,LOC0092
CUST00090,Rajesh Nair,New,2023-05-02,LOC0076
CUST00091,Aarav Bhat,New,2024-11-02,LOC0146
CUST00092,Deepika Joshi,New,2022-10-06,LOC0145
CUST00093,Meera Reddy,New,2024-08-17,LOC0020
CUST00094,Rahul Nair,Loyal,2024-08-04,LOC0023
CUST00095,Rahul Pillai,New,2023-09-24,LOC0054
CUST00096,Rohan Das,Regular,2024-11-05,LOC0028
CUST00097,Ananya Mehta,Premium,2024-06-10,LOC0108
CUST00098,Divya Deshmukh,Regular,2023-06-16,LOC0140
CUST00099,Meera Bhat,New,2024-03-19,LOC0058
CUST00100,Rohan Verma,New,2022-08-24,LOC0082
CUST00101,Priya Iyer,New,2022-12-31,LOC0097
CUST00102,Rohan Gowda,Regular,2023-10-27,LOC0124
CUST00103,Divya Nair,New,2024-08-24,LOC0112
CUST00104,Priya Joshi,Regular,2025-06-11,LOC0049
CUST00105,Anita Gowda,New,2024-06-25,LOC0073
CUST00106,Priya Verma,Loyal,2024-01-20,LOC0141
CUST00107,Vikram Verma,New,2022-07-04,LOC0110
CUST00108,Deepika Deshmukh,New,2022-12-29,LOC0007
CUST00109,Pooja Iyer,New,2024-09-14,LOC0030
CUST00110,Aditya Deshmukh,New,2024-10-28,LOC0068
CUST00111,Anita Mehta,Regular,2023-10-13,LOC0098
CUST00112,Karthik Verma,New,2023-11-13,LOC0120
CUST00113,Siddharth Bhat,New,2023-05-04,LOC0025
CUST00114,Sneha Gowda,Regular,2025-02-22,LOC0059
CUST00115,Aditya Banerjee,Regular,2025-02-13,LOC0138
CUST00116,Meera Bhat,New,2024-01-03,LOC0077
CUST00117,Ananya Banerjee,Loyal,2024-09-22,LOC0133
CUST00118,Deepika Reddy,New,2025-06-30,LOC0115
CUST00119,Neha Gupta,Regular,2023-02-01,LOC0011
CUST00120,Divya Gupta,New,2022-07-15,LOC0067
CUST00121,Rohan Iyer,Regular,2024-01-07,LOC0102
CUST00122,Siddharth Banerjee,Loyal,2024-12-06,LOC0004
CUST00123,Deepika Bhat,New,2024-06-17,LOC0108
CUST00124,Vikram Reddy,Loyal,2023-11-09,LOC0150
CUST00125,Priya Patel,Loyal,2024-05-25,LOC0026
CUST00126,Anita Das,Regular,2023-03-02,LOC0099
CUST00127,Rajesh Menon,New,2022-06-11,LOC0045
CUST00128,Vikram Menon,New,2024-01-22,LOC0103
CUST00129,Rahul Rao,Loyal,2025-01-08,LOC0122
CUST00130,Sneha Sharma,New,2024-10-27,LOC0078
CUST00131,Meera Patel,Premium,2023-01-22,LOC0077
CUST00132,Karthik Joshi,Regular,2024-09-01,LOC0107
CUST00133,Rohan Gupta,Regular,2022-12-22,LOC0105
CUST00134,Suresh Das,New,2024-05-14,LOC0041
CUST00135,Suresh Mehta,Loyal,2024-12-31,LOC0135
CUST00136,Aarav Nair,Loyal,2025-03-09,LOC0052
CUST00137,Kavya Verma,Regular,2022-07-03,LOC0093
CUST00138,Siddharth Das,Regular,2023-10-08,LOC0102
CUST00139,Priya Sharma,Regular,2023-09-16,LOC0126
CUST00140,Neha Deshmukh,New,2023-09-22,LOC0090
CUST00141,Siddharth Iyer,New,2022-09-06,LOC0099
CUST00142,Rajesh Gupta,Regular,2024-07-03,LOC0058
CUST00143,Siddharth Chawla,Regular,2022-05-04,LOC0003
CUST00144,Vikram Nair,New,2024-05-28,LOC0003
CUST00145,Deepika Kumar,Regular,2024-09-18,LOC0071
CUST00146,Aditya Das,Regular,2023-01-24,LOC0056
CUST00147,Suresh Menon,New,2024-01-31,LOC0027
CUST00148,Sneha Gowda,New,2023-10-05,LOC0073
CUST00149,Priya Deshmukh,Regular,2023-11-09,LOC0071
CUST00150,Siddharth Singh,New,2024-01-29,LOC0077
CUST00151,Suresh Rao,,2025-03-06,LOC0104
CUST00152,Vikram Sharma,New,2023-06-24,LOC0076
CUST00153,Divya Mehta,Regular,2024-07-10,LOC0010
CUST00154,Rajesh Gupta,Regular,2024-07-22,LOC0057
CUST00155,Meera Das,Loyal,2023-02-18,LOC0044
CUST00156,Anita Nair,new,2022-11-11,LOC0121
CUST00157,Siddharth Gowda,Regular,2025-05-26,LOC0086
CUST00158,Kavya Das,Regular,2024-10-10,LOC0079
CUST00159,Rahul Das,Regular,2024-04-11,LOC0076
CUST00160,Priya Deshmukh,Regular,2025-05-10,LOC0150
CUST00161,Deepika Iyer,Regular,2024-10-31,LOC0050
CUST00162,Aditya Banerjee,Loyal,2023-09-29,LOC0014
CUST00163,Vikram Reddy,Premium,2023-09-06,LOC0105
CUST00164,Karthik Reddy,Loyal,2024-12-23,LOC0047
CUST00165,Meera Joshi,Regular,2022-08-12,LOC0081
CUST00166,Aarav Pillai,Regular,2023-03-16,LOC0044
CUST00167,Neha Deshmukh,Regular,2023-03-29,LOC0112
CUST00168,Aditya Chawla,New,2023-05-29,LOC0002
CUST00169,Arjun Das,Loyal,2025-06-25,LOC0083
CUST00170,Suresh Gupta,Regular,2024-11-14,LOC0002
CUST00171,Kavya Rao,New,2024-06-27,LOC0089
CUST00172,Priya Mehta,New,2023-12-12,LOC0079
CUST00173,Ananya Kumar,Regular,2023-11-15,LOC0134
CUST00174,Rahul Chawla,Premium,2022-06-01,LOC0088
CUST00175,Meera Das,New,2023-03-14,LOC0104
CUST00176,Kavya Reddy,Regular,2024-10-05,LOC0006
CUST00177,Neha Patel,Regular,2024-06-25,LOC0010
CUST00178,Siddharth Gowda,Regular,2022-04-06,LOC0013
CUST00179,Aarav Verma,Regular,2022-05-11,LOC0107
CUST00180,Priya Gowda,New,2023-12-23,LOC0040
CUST00181,Aarav Kumar,Regular,2024-04-07,LOC0026
CUST00182,Siddharth Menon,Regular,2024-02-12,LOC0036
CUST00183,Priya Banerjee,New,2022-06-19,LOC0073
CUST00184,Priya Deshmukh,Loyal,2024-06-06,LOC0052
CUST00185,Suresh Gupta,New,2024-06-21,LOC0105
CUST00186,Ananya Gowda,Regular,2024-11-09,LOC0054
CUST00187,Meera Joshi,Regular,2022-09-05,LOC0004
CUST00188,Priya Bhat,Premium,2023-06-13,LOC0039
CUST00189,Suresh Iyer,Regular,2025-05-25,LOC0066
CUST00190,Karthik Kumar,New,2023-12-07,LOC0013
CUST00191,Neha Verma,Regular,2023-08-09,LOC0081
CUST00192,Priya Patel,Regular,2022-12-18,LOC0036
CUST00193,Neha Joshi,Premium,2025-01-02,LOC0113
CUST00194,Siddharth Iyer,New,2024-10-06,LOC0088
CUST00195,Aditya Mehta,Regular,2023-02-15,LOC0099
CUST00196,Meera Chawla,New,2024-07-29,LOC0043
CUST00197,Ananya Nair,Loyal,2024-01-09,LOC0124
CUST00198,Karthik Nair,Regular,2023-03-18,LOC0092
CUST00199,Vikram Deshmukh,Regular,2022-08-20,LOC0106
CUST00200,Rohan Singh,Regular,2022-12-18,LOC0004
CUST00201,Suresh Bhat,Regular,2022-11-02,LOC0087
CUST00202,Deepika Patel,Regular,2024-04-01,LOC0064
CUST00203,Aditya Reddy,New,2024-09-20,LOC0014
CUST00204,Neha Banerjee,Loyal,2024-09-24,LOC0127
CUST00205,Rohan Deshmukh,Premium,2023-03-24,LOC0085
CUST00206,Ananya Banerjee,Regular,2024-03-25,LOC0097
CUST00207,Kavya Iyer,Regular,2023-08-08,LOC0147
CUST00208,Meera Pillai,Regular,2022-11-22,LOC0128
CUST00209,Aarav Patel,Regular,2023-08-05,LOC0010
CUST00210,Aarav Iyer,Loyal,2024-11-08,LOC0078
CUST00211,Anita Gupta,Premium,2023-12-19,LOC0117
CUST00212,Sneha Verma,New,2025-01-20,LOC0117
CUST00213,Deepika Menon,Regular,2024-05-06,LOC0094
CUST00214,Priya Patel,New,2022-09-13,LOC0001
CUST00215,Pooja Gowda,New,2023-04-26,LOC0028
CUST00216,Neha Deshmukh,New,2025-02-09,LOC0105
CUST00217,Deepika Gupta,New,2023-01-28,LOC0101
CUST00218,Arjun Joshi,New,2024-12-21,LOC0107
CUST00219,Rajesh Patel,New,2023-08-27,LOC0130
CUST00220,Meera Sharma,Regular,2024-04-27,LOC0013
CUST00221,Divya Bhat,Loyal,2024-11-30,LOC0131
CUST00222,Neha Bhat,New,2024-10-22,LOC0033
CUST00223,Deepika Menon,Regular,2023-12-19,LOC0099
CUST00224,Deepika Rao,Premium,2023-09-25,LOC0088
CUST00225,Karthik Reddy,New,2023-12-19,LOC0132
CUST00226, Anita Joshi ,Regular,2024-01-26,LOC0142
CUST00227,Arjun Gupta,Regular,2024-02-17,LOC0075
CUST00228,Vikram Nair,Regular,2023-10-26,LOC0083
CUST00229,Sneha Gowda,Premium,2023-12-18,LOC0147
CUST00230,Divya Gowda,Loyal,2025-01-22,LOC0109
CUST00231,Suresh Patel,New,2024-01-14,LOC0038
CUST00232,Ananya Gupta,Premium,2024-09-24,LOC0042
CUST00233,Siddharth Reddy,New,2024-11-07,LOC0076
CUST00234,Anita Verma,New,2024-10-12,LOC0116
CUST00235,Anita Rao,New,2023-09-01,LOC0100
CUST00236,Pooja Verma,Premium,2023-07-21,LOC0107
CUST00237,Rahul Gowda,New,2022-12-18,LOC0065
CUST00238,Karthik Rao,Loyal,2024-02-02,LOC0095
CUST00239,Anita Menon,New,2024-11-25,LOC0050
CUST00240,Neha Iyer,Regular,2025-06-09,LOC0045
CUST00241,Priya Mehta,Regular,2024-02-23,LOC0072
CUST00242,Vikram Nair,New,2024-07-21,LOC0066
CUST00243,Karthik Reddy,Regular,2023-05-18,LOC0083
CUST00244,Deepika Kumar,Regular,2024-07-11,LOC0147
CUST00245,Rohan Joshi,Regular,2022-11-18,LOC0048
CUST00246,Suresh Nair,Regular,2023-12-11,LOC0138
CUST00247,Sneha Rao,New,2024-07-24,LOC0085
CUST00248,Pooja Gupta,Premium,2023-08-16,LOC0122
CUST00249,Aarav Patel,New,2023-01-13,LOC0115
CUST00250,Deepika Menon,Regular,2025-05-07,LOC0011
CUST00251,Rahul Mehta,Regular,2023-12-04,LOC0066
CUST00252,Pooja Sharma,Regular,2024-07-31,LOC0096
CUST00253,Suresh Pillai,Loyal,2022-06-10,LOC0076
CUST00254,Arjun Joshi,New,2022-07-06,LOC0025
CUST00255,Anita Gowda,New,2024-09-30,LOC0017
CUST00256,Arjun Chawla,Loyal,2023-06-07,LOC0138
CUST00257,Divya Iyer,Regular,2022-06-21,LOC0007
CUST00258,Rahul Verma,New,2023-02-01,LOC0014
CUST00259,Siddharth Gowda,Loyal,2024-07-06,LOC0059
CUST00260,Divya Mehta,Regular,2024-02-20,LOC0104
CUST00261,Aarav Mehta,New,2022-05-23,LOC0137
CUST00262,Deepika Iyer,Regular,2022-04-23,LOC0019
CUST00263,Suresh Patel,Regular,2024-10-19,LOC0078
CUST00264,Pooja Pillai,Regular,2023-07-29,LOC0008
CUST00265,Anita Rao,Loyal,2024-11-26,LOC0101
CUST00266,Anita Kumar,Regular,2022-07-08,LOC0077
CUST00267,Sneha Sharma,New,2024-09-04,LOC0143
CUST00268,Ananya Sharma,Regular,2023-11-14,LOC0101
CUST00269,Rohan Kumar,New,2024-10-21,LOC0089
CUST00270,Suresh Reddy,Regular,2023-04-17,LOC0057
CUST00271,Siddharth Gupta,Loyal,2023-05-08,LOC0146
CUST00272,Anita Pillai,New,2023-08-21,LOC0019
CUST00273,Rohan Singh,Regular,2023-06-02,LOC0149
CUST00274,Rahul Das,New,2024-09-14,LOC0061
CUST00275,Deepika Iyer,Regular,2023-08-15,LOC0125
CUST00276,Deepika Kumar,Regular,2023-09-01,LOC0040
CUST00277,Sneha Joshi,New,2022-11-15,LOC0002
CUST00278,Kavya Chawla,New,2024-12-20,LOC0093
CUST00279,Rahul Deshmukh,Loyal,2023-08-09,LOC0092
CUST00280,Meera Gowda,Loyal,2023-05-05,LOC0021
CUST00281,Vikram Gowda,Regular,2023-06-19,LOC0020
CUST00282,Aarav Banerjee,Regular,2022-03-15,LOC0149
CUST00283,Rajesh Gupta,Regular,2024-06-30,LOC0067
CUST00284,Anita Deshmukh,Regular,2024-04-04,LOC0039
CUST00285,Kavya Bhat,Regular,2022-12-21,LOC0119
CUST00286,Rohan Mehta,Regular,2023-11-25,LOC0003
CUST00287,Deepika Nair,New,2022-09-03,LOC0115
CUST00288,Rajesh Bhat,Regular,2024-07-10,LOC0038
CUST00289,Meera Das,New,2023-07-24,LOC0125
CUST00290,Siddharth Das,Regular,2022-10-17,LOC0053
CUST00291,Sneha Mehta,Loyal,2024-11-30,LOC0117
CUST00292,Ananya Joshi,Regular,2024-10-30,LOC0134
CUST00293,Siddharth Singh,New,2023-09-19,LOC0146
CUST00294,Aditya Das,Regular,2024-01-05,LOC0020
CUST00295,Aditya Rao,Loyal,2023-06-01,LOC0091
CUST00296,Sneha Deshmukh,Regular,2024-10-24,LOC0002
CUST00297,Vikram Pillai,Regular,2023-06-01,LOC0020
CUST00298,Siddharth Gupta,Regular,2023-04-26,LOC0041
CUST00299,Priya Rao,Regular,2024-09-10,LOC0085
CUST00300,Meera Deshmukh,Regular,2022-12-02,LOC0042
CUST00301,Divya Sharma,Regular,2022-10-13,LOC0033
CUST00302,Neha Reddy,Loyal,2023-07-22,LOC0011
CUST00303,Vikram Verma,Regular,2023-06-29,LOC0047
CUST00304,Aditya Menon,Loyal,2023-12-31,LOC0005
CUST00305,Pooja Iyer,Loyal,2023-12-16,LOC0121
CUST00306,Neha Rao,Loyal,2024-02-10,LOC0037
CUST00307,Neha Menon,New,2023-07-06,LOC0068
CUST00308,Rahul Pillai,New,2023-10-27,LOC0018
CUST00309,Aditya Reddy,Regular,2022-11-23,LOC0052
CUST00310,Suresh Chawla,New,2024-06-28,LOC0025
CUST00311,Deepika Menon,Regular,2025-05-29,LOC0137
CUST00312,Priya Iyer,Loyal,2024-03-05,LOC0034
CUST00313,Anita Sharma,Regular,2023-11-14,LOC0111
CUST00314,Sneha Verma,New,2023-07-05,LOC0110
CUST00315,Meera Mehta,New,2024-02-29,LOC0148
CUST00316,Vikram Singh,Loyal,2024-06-24,LOC0060
CUST00317,Rohan Kumar,Regular,2024-08-14,LOC0140
CUST00318,Arjun Sharma,Regular,2024-02-03,LOC0002
CUST00319,Priya Banerjee,Regular,2024-01-17,LOC0053
CUST00320,Rahul Chawla,Regular,2022-10-17,LOC0040
CUST00321,Rajesh Singh,Regular,2025-01-12,LOC0138
CUST00322,Sneha Menon,Loyal,2024-07-09,LOC0102
CUST00323,Divya Gowda,Regular,2023-07-29,LOC0046
CUST00324,Anita Deshmukh,New,2023-07-05,LOC0148
CUST00325,Aditya Reddy,Regular,2022-05-30,LOC0059
CUST00326,Neha Patel,Loyal,2024-02-16,LOC0103
CUST00327,Anita Menon,New,2023-12-11,LOC0014
CUST00328,Aarav Iyer,New,2024-02-13,LOC0112
CUST00329,Siddharth Rao,Regular,2022-09-15,LOC0010
CUST00330,Aditya Menon,Regular,2023-07-18,LOC0074
CUST00331,Deepika Verma,Regular,2024-07-20,LOC0127
CUST00332,Arjun Banerjee,Loyal,2023-02-23,LOC0009
CUST00333,Suresh Banerjee,Regular,2022-09-03,LOC0044
CUST00334,Sneha Rao,New,2022-01-31,LOC0041
CUST00335,Siddharth Mehta,Regular,2024-05-20,LOC0102
CUST00336,Arjun Banerjee,Loyal,2025-01-17,LOC0018
CUST00337,Anita Kumar,New,2024-10-12,LOC0150
CUST00338,Siddharth Rao,Regular,2024-11-07,LOC0050
CUST00339,Aditya Bhat,Regular,2023-09-23,LOC0045
CUST00340,Priya Gowda,New,2024-04-23,LOC0076
CUST00341,Priya Banerjee,Loyal,2025-02-05,LOC0138
CUST00342,Rajesh Singh,Regular,2023-04-09,LOC0097
CUST00343,Kavya Joshi,Loyal,2024-04-08,LOC0118
CUST00344,Aarav Deshmukh,Regular,2023-07-25,LOC0018
CUST00345,Kavya Rao,Regular,2023-09-19,LOC0091
CUST00346,Aarav Singh,Regular,2023-06-17,LOC0024
CUST00347,Rahul Iyer,Regular,2024-11-01,LOC0046
CUST00348,Sneha Gupta,Premium,2022-12-14,LOC0047
CUST00349,Arjun Deshmukh,Loyal,2023-05-19,LOC0062
CUST00350,Arjun Rao,Loyal,2025-01-21,LOC0064
CUST00351,Sneha Reddy,Regular,2023-03-10,LOC0021
CUST00352,Meera Menon,Premium,2025-02-18,LOC0139
CUST00353,Meera Das,Loyal,2023-01-06,LOC0127
CUST00354,Rajesh Singh,New,2022-10-29,LOC0131
CUST00355,Kavya Bhat,Loyal,2022-12-22,LOC0135
CUST00356,Meera Gowda,Regular,2024-05-13,LOC0089
CUST00357,Neha Pillai,Regular,2024-10-16,LOC0133
CUST00358,Aarav Sharma,Regular,2022-08-24,LOC0098
CUST00359,Rahul Das,New,2024-07-23,LOC0067
CUST00360,Siddharth Rao,Regular,2023-12-12,LOC0088
CUST00361,Meera Chawla,Regular,2023-11-19,LOC0096
CUST00362,Aditya Singh,New,2022-11-16,LOC0147
CUST00363,Rajesh Rao,Loyal,2024-11-18,LOC0070
CUST00364,Anita Chawla,Loyal,2023-01-06,LOC0038
CUST00365,Vikram Deshmukh,Regular,2023-06-26,LOC0108
CUST00366,Suresh Gowda,New,2024-10-05,LOC0125
CUST00367,Anita Bhat,Regular,2024-01-19,LOC0026
CUST00368,Ananya Gupta,Regular,2023-12-24,LOC0025
CUST00369,Rahul Singh,Regular,2023-07-04,LOC0144
CUST00370,Siddharth Das,Regular,2024-02-16,LOC0032
CUST00371,Deepika Gupta,New,2023-10-22,LOC0138
CUST00372,Pooja Das,Regular,2024-06-07,LOC0131
CUST00373,Karthik Iyer,Regular,2024-03-09,LOC0074
CUST00374,Vikram Nair,Regular,2024-05-15,LOC0087
CUST00375,Deepika Bhat,New,2024-10-24,LOC0019
CUST00376,Rahul Rao,Regular,2023-06-14,LOC0075
CUST00377,Deepika Mehta,Loyal,2025-02-09,LOC0114
CUST00378,Sneha Bhat,Regular,2024-12-23,LOC0116
CUST00379,Neha Sharma,Regular,2024-11-12,LOC0061
CUST00380,Rohan Gupta,New,2023-11-18,LOC0027
CUST00381,Meera Gowda,Regular,2022-12-31,LOC0102
CUST00382,Rohan Patel,New,2024-05-13,LOC0040
CUST00383,Aditya Kumar,Regular,2023-05-17,LOC0073
CUST00384,Vikram Reddy,New,2024-08-12,LOC0044
CUST00385,Sneha Joshi,Premium,2023-08-24,LOC0139
CUST00386,Anita Pillai,New,2025-07-12,LOC0139
CUST00387,Deepika Pillai,Regular,2024-03-19,LOC0145
CUST00388,Anita Kumar,New,2023-11-13,LOC0139
CUST00389,Rohan Pillai,New,2023-08-06,LOC0106
CUST00390,Pooja Sharma,New,2024-06-19,LOC0035
CUST00391,Meera Gowda,Premium,2024-12-01,LOC0126
CUST00392,Meera Kumar,Loyal,2025-02-19,LOC0111
CUST00393,Deepika Rao,New,2024-07-12,LOC0096
CUST00394,Anita Chawla,Regular,2023-02-23,LOC0042
CUST00395,Aditya Mehta,Regular,2023-06-07,LOC0021
CUST00396,Kavya Banerjee,New,2024-05-28,LOC0070
CUST00397,Anita Singh,New,2022-12-13,LOC0018
CUST00398,Pooja Patel,New,2023-05-21,LOC0116
CUST00399,Deepika Deshmukh,New,2023-08-21,LOC0005
CUST00400,Anita Sharma,New,2025-06-19,LOC0027
CUST00401,Vikram Pillai,New,2023-08-23,LOC0024
CUST00402,Meera Gupta,Loyal,2023-09-13,LOC0080
CUST00403,Meera Das,New,2024-04-21,LOC0009
CUST00404,Vikram Verma,New,2024-10-20,LOC0101
CUST00405,Meera Nair,Loyal,2025-03-30,LOC0065
CUST00406,Aarav Patel,Loyal,2022-09-12,LOC0099
CUST00407,Karthik Rao,Regular,2023-07-06,LOC0118
CUST00408,Priya Banerjee,Regular,2022-08-27,LOC0122
CUST00409,Pooja Joshi,Regular,2024-07-17,LOC0011
CUST00410,Anita Banerjee,Regular,2023-07-17,LOC0124
CUST00411,Arjun Das,Premium,2025-05-08,LOC0056
CUST00412,Kavya Chawla,Loyal,2022-08-03,LOC0043
CUST00413,Rajesh Patel,New,2024-08-29,LOC0063
CUST00414,Ananya Bhat,Regular,2023-05-14,LOC0040
CUST00415,Rohan Rao,Regular,2024-03-07,LOC0024
CUST00416,Rahul Verma,Regular,2023-12-01,LOC0040
CUST00417,Priya Reddy,Premium,2022-12-21,LOC0082
CUST00418,Sneha Pillai,Regular,2022-10-16,LOC0097
CUST00419,Vikram Singh,Regular,2024-04-21,LOC0113
CUST00420,Anita Deshmukh,Regular,2024-04-28,LOC0048
CUST00421,Rahul Pillai,New,2025-01-18,LOC0142
CUST00422,Suresh Reddy,Regular,2023-03-14,LOC0068
CUST00423,Karthik Sharma,Regular,2023-07-12,LOC0098
CUST00424,Aarav Menon,New,2024-08-31,LOC0062
CUST00425,Rohan Gowda,Regular,2022-12-28,LOC0135
CUST00426,Anita Reddy,Regular,2022-12-08,LOC0083
CUST00427,Rahul Patel,New,2024-05-01,LOC0018
CUST00428, Vikram Nair ,Regular,2023-07-10,LOC0028
CUST00429,Priya Verma,Regular,2024-01-01,LOC0100
CUST00430,Suresh Menon,New,2023-09-03,LOC0066
CUST00431,Kavya Menon,Regular,2022-12-09,LOC0054
CUST00432,Rohan Pillai,Regular,2022-04-11,LOC0093
CUST00433,Divya Das,Regular,2022-03-04,LOC0069
CUST00434,Rohan Kumar,Premium,2025-07-17,LOC0056
CUST00435,Priya Patel,New,2024-03-02,LOC0099
CUST00436,Suresh Rao,Regular,2023-12-16,LOC0046
CUST00437,Anita Chawla,Regular,2024-12-31,LOC0148
CUST00438,Karthik Chawla,Regular,2023-04-28,LOC0047
CUST00439,Suresh Joshi,Premium,2022-07-10,LOC0137
CUST00440,Karthik Das,Loyal,2024-02-07,LOC0084
CUST00441,Divya Chawla,Regular,2024-04-03,LOC0062
CUST00442,Arjun Mehta,Regular,2024-10-29,LOC0066
CUST00443,Karthik Pillai,Premium,2022-06-12,LOC0009
CUST00444,Deepika Sharma,New,2022-08-27,LOC0078
CUST00445,Kavya Gupta,Loyal,2022-08-15,LOC0071
CUST00446,Suresh Gowda,New,2024-10-18,LOC0147
CUST00447,Ananya Pillai,New,2022-12-09,LOC0036
CUST00448,Rajesh Rao,New,2023-05-24,LOC0077
CUST00449,Aditya Bhat,Regular,2024-10-02,LOC0020
CUST00450,Meera Nair,Loyal,2024-08-19,LOC0148
CUST00451,Priya Menon,Regular,2022-12-11,LOC0010
CUST00452,Rajesh Mehta,Loyal,2025-01-28,LOC0015
CUST00453,Rahul Das,Loyal,2023-07-24,LOC0031
CUST00454,Kavya Menon,New,2024-10-06,LOC0098
CUST00455,Suresh Verma,New,2024-01-25,LOC0145
CUST00456,Suresh Rao,Premium,2022-12-05,LOC0101
CUST00457,Deepika Bhat,Regular,2022-07-19,LOC0057
CUST00458,Aditya Reddy,Regular,2023-10-05,LOC0022
CUST00459,Ananya Gowda,Regular,2023-03-06,LOC0022
CUST00460,Divya Reddy,New,2024-02-28,LOC0144
CUST00461,Aditya Bhat,New,2024-04-19,LOC0135
CUST00462,Rohan Singh,New,2023-04-22,LOC0148
CUST00463,Divya Chawla,New,2023-06-19,LOC0049
CUST00464,Deepika Sharma,Regular,2023-01-18,LOC0090
CUST00465,Karthik Menon,Loyal,2024-01-13,LOC0012
CUST00466,Kavya Gupta,Loyal,2023-02-02,LOC0040
CUST00467,Rohan Patel,Loyal,2023-08-10,LOC0038
CUST00468,Pooja Sharma,New,2024-06-19,LOC0029
CUST00469,Meera Sharma,New,2023-02-15,LOC0138
CUST00470,Anita Banerjee,Regular,2024-03-05,LOC0124
CUST00471,Vikram Sharma,New,2024-02-09,LOC0135
CUST00472,Neha Verma,New,2023-03-02,LOC0070
CUST00473,Aarav Iyer,Regular,2024-04-23,LOC0070
CUST00474,Sneha Patel,New,2023-10-18,LOC0099
CUST00475,Aditya Banerjee,Regular,2022-04-14,LOC0081
CUST00476,Deepika Gowda,Regular,2023-05-26,LOC0051
CUST00477,Karthik Gowda,New,2022-01-24,LOC0011
CUST00478,Suresh Kumar,Regular,2023-11-28,LOC0101
CUST00479,Aarav Das,Regular,2023-01-11,LOC0091
CUST00480,Kavya Banerjee,Regular,2024-11-21,LOC0016
CUST00481,Aditya Sharma,New,2024-11-18,LOC0072
CUST00482,Rahul Mehta,Regular,2022-06-19,LOC0023
CUST00483,Suresh Menon,Regular,2024-01-18,LOC0059
CUST00484,Rajesh Reddy,Loyal,2025-02-14,LOC0080
CUST00485,Rahul Pillai,Regular,2022-08-11,LOC0053
CUST00486,Rajesh Gowda,Loyal,2024-04-14,LOC0052
CUST00487,Pooja Banerjee,Regular,2024-01-07,LOC0038
CUST00488,Rajesh Nair,Regular,2022-09-30,LOC0143
CUST00489,Priya Nair,Regular,2024-11-28,LOC0038
CUST00490,Rahul Chawla,Regular,2023-04-11,LOC0114
CUST00491,Siddharth Reddy,New,2023-01-14,LOC0034
CUST00492,Deepika Menon,Regular,2024-04-29,LOC0146
CUST00493,Deepika Rao,Regular,2024-08-08,LOC0007
CUST00494,Meera Reddy,Regular,2024-09-01,LOC0121
CUST00495,Sneha Nair,New,2023-11-02,LOC0122
CUST00496,Arjun Rao,Loyal,2024-02-07,LOC0004
CUST00497,Divya Rao,New,2022-08-18,LOC0053
CUST00498,Karthik Menon,Loyal,2024-03-30,LOC0084
CUST00499,Kavya Chawla,Regular,2024-08-10,LOC0011
CUST00500,Aditya Joshi,Regular,2024-03-01,LOC0147
CUST00501,Suresh Verma,Regular,2022-07-30,LOC0116
CUST00502,Ananya Rao,Premium,2023-10-13,LOC0102
CUST00503,Ananya Gowda,New,2023-11-27,LOC0013
CUST00504,Karthik Mehta,Regular,2024-09-29,LOC0074
CUST00505,Divya Kumar,Regular,2024-09-20,LOC0014
CUST00506,Vikram Pillai,Regular,2023-05-13,LOC0024
CUST00507,Priya Nair,New,2024-10-23,LOC0140
CUST00508,Divya Joshi,Regular,2022-06-10,LOC0046
CUST00509,Arjun Pillai,Regular,2023-07-30,LOC0083
CUST00510,Neha Patel,Regular,2023-03-12,LOC0116
CUST00511,Rohan Banerjee,Regular,2023-02-01,LOC0131
CUST00512,Neha Mehta,Loyal,2023-04-19,LOC0012
CUST00513,Rahul Bhat,New,2024-06-30,LOC0039
CUST00514,Vikram Nair,New,2022-02-23,LOC0108
CUST00515,Karthik Kumar,Loyal,2022-08-19,LOC0031
CUST00516,Arjun Sharma,New,2024-04-10,LOC0065
CUST00517,Meera Deshmukh,Regular,2024-07-02,LOC0002
CUST00518,Meera Rao,Regular,2024-05-06,LOC0122
CUST00519,Karthik Iyer,New,2023-11-04,LOC0002
CUST00520,Anita Singh,Loyal,2023-11-23,LOC0143
CUST00521,Arjun Verma,Regular,2023-02-27,LOC0015
CUST00522,Ananya Reddy,Loyal,2024-10-29,LOC0148
CUST00523,Pooja Joshi,Regular,2023-01-07,LOC0028
CUST00524,Neha Nair,Loyal,2022-11-09,LOC0147
CUST00525,Neha Pillai,New,2023-03-14,LOC0010
CUST00526,Pooja Joshi,Loyal,2025-01-01,LOC0098
CUST00527,Divya Gowda,New,2023-09-24,LOC0121
CUST00528,Siddharth Joshi,New,2023-06-04,LOC0135
CUST00529,Arjun Menon,Regular,2023-03-24,LOC0147
CUST00530,Suresh Iyer,Regular,2024-05-09,LOC0074
CUST00531,Rahul Singh,Loyal,2023-11-16,LOC0091
CUST00532,Deepika Bhat,Regular,2023-10-06,LOC0128
CUST00533,Neha Menon,Premium,2024-08-29,LOC0075
CUST00534,Aarav Patel,Regular,2024-04-09,LOC0031
CUST00535,Arjun Menon,New,2023-07-31,LOC0012
CUST00536,Anita Gupta,Regular,2024-10-12,LOC0052
CUST00537,Siddharth Iyer,Regular,2023-05-31,LOC0130
CUST00538,Aarav Patel,Regular,2022-12-22,LOC0088
CUST00539,Rajesh Menon,New,2025-04-18,LOC0045
CUST00540,Rahul Deshmukh,Regular,2024-07-28,LOC0010
CUST00541,Meera Reddy,Loyal,2023-05-31,LOC0138
CUST00542,Karthik Chawla,New,2025-04-07,LOC0134
CUST00543,Rahul Gowda,Regular,2022-04-21,LOC0054
CUST00544,Rahul Das,New,2025-08-17,LOC0039
CUST00545,Aarav Joshi,Loyal,2024-03-25,LOC0137
CUST00546,Rajesh Menon,Loyal,2022-12-24,LOC0030
CUST00547,Pooja Joshi,Regular,2022-02-04,LOC0070
CUST00548,Meera Rao,New,2023-09-30,LOC0078
CUST00549,Pooja Nair,Loyal,2023-11-23,LOC0010
CUST00550,Rohan Pillai,Loyal,2022-05-12,LOC0124
CUST00551,Vikram Gupta,Regular,2025-02-10,LOC0124
CUST00552,Suresh Kumar,Loyal,2022-12-11,LOC0026
CUST00553,Suresh Reddy,Regular,2024-09-28,LOC0010
CUST00554,Suresh Patel,Regular,2023-11-13,LOC0012
CUST00555,Deepika Iyer,New,2023-11-05,LOC0012
CUST00556,Pooja Sharma,Regular,2024-04-26,LOC0080
CUST00557,Arjun Joshi,New,2023-04-06,LOC0074
CUST00558,Rahul Pillai,New,2022-05-23,LOC0070
CUST00559,Siddharth Patel,Regular,2025-09-01,LOC0144
CUST00560,Arjun Gowda,New,2024-01-19,LOC0082
CUST00561,Pooja Bhat,New,2023-02-20,LOC0019
CUST00562,Rahul Gowda,New,2022-07-09,LOC0034
CUST00563,Ananya Patel,Regular,2022-08-13,LOC0023
CUST00564,Neha Menon,Regular,2023-12-08,LOC0115
CUST00565,Pooja Joshi,New,2024-09-21,LOC0137
CUST00566,Karthik Bhat,New,2023-01-29,LOC0120
CUST00567,Pooja Pillai,New,2022-12-29,LOC0058
CUST00568,Deepika Singh,Regular,2023-08-04,LOC0047
CUST00569,Rahul Joshi,New,2023-09-25,LOC0008
CUST00570,Priya Das,New,2023-08-16,LOC0044
CUST00571,Sneha Menon,New,2022-07-21,LOC0131
CUST00572,Priya Joshi,Loyal,2024-01-17,LOC0019
CUST00573,Anita Pillai,New,2024-02-04,LOC0106
CUST00574,Kavya Gowda,Regular,2025-07-05,LOC0124
CUST00575,Rahul Gupta,Loyal,2023-09-08,LOC0111
CUST00576,Divya Bhat,New,2024-01-18,LOC0061
CUST00577,Rohan Bhat,New,2022-08-22,LOC0119
CUST00578,Priya Pillai,New,2023-08-14,LOC0104
CUST00579,Priya Menon,Regular,2023-05-22,LOC0127
CUST00580,Ananya Iyer,Loyal,2024-12-26,LOC0036
CUST00581,Aarav Reddy,Regular,2022-06-29,LOC0116
CUST00582,Aditya Menon,New,2023-06-12,LOC0051
CUST00583,Rahul Kumar,Loyal,2024-06-06,LOC0078
CUST00584,Divya Das,Regular,2024-07-05,LOC0003
CUST00585,Suresh Mehta,New,2025-03-18,LOC0076
CUST00586,Anita Verma,Loyal,2024-12-21,LOC0144
CUST00587,Sneha Patel,New,2025-01-12,LOC0008
CUST00588,Rajesh Mehta,Regular,2023-01-06,LOC0098
CUST00589,Divya Gowda,Regular,2024-07-24,LOC0045
CUST00590,Arjun Gowda,Loyal,2024-10-29,LOC0093
CUST00591,Vikram Kumar,New,2022-05-31,LOC0035
CUST00592,Aarav Reddy,Premium,2024-02-29,LOC0112
CUST00593,Vikram Iyer,Loyal,2024-08-10,LOC0107
CUST00594,Deepika Chawla,Regular,2022-08-19,LOC0117
CUST00595,Anita Pillai,New,2023-06-17,LOC0058
CUST00596,Deepika Sharma,Regular,2023-08-04,LOC0061
CUST00597,Siddharth Chawla,New,2023-11-08,LOC0094
CUST00598,Ananya Bhat,New,2024-04-19,LOC0095
CUST00599,Meera Iyer,Premium,2024-11-06,LOC0135
CUST00600,Siddharth Pillai,Loyal,2022-07-01,LOC0134
CUST00601,Rohan Rao,Regular,2024-02-09,LOC0020
CUST00602,Anita Bhat,Loyal,2024-04-13,LOC0014
CUST00603,Anita Sharma,Loyal,2023-08-13,LOC0132
CUST00604,Rajesh Joshi,New,2023-05-27,LOC0076
CUST00605,Ananya Menon,New,2024-08-12,LOC0145
CUST00606,Meera Bhat,Regular,2024-05-15,LOC0014
CUST00607,Pooja Menon,New,2023-10-08,LOC0125
CUST00608,Suresh Iyer,Regular,2023-04-27,LOC0034
CUST00609,Siddharth Singh,Regular,2025-01-22,LOC0029
CUST00610,Rajesh Reddy,Loyal,2023-05-01,LOC0095
CUST00611,Siddharth Rao,Loyal,2022-10-30,LOC0136
CUST00612,Rahul Iyer,Loyal,2024-06-19,LOC0040
CUST00613,Divya Mehta,Regular,2024-07-09,LOC0113
CUST00614,Neha Gupta,New,2024-04-01,LOC0089
CUST00615,Siddharth Patel,Regular,2023-05-26,LOC0119
CUST00616,Pooja Deshmukh,Regular,2022-11-29,LOC0098
CUST00617,Aditya Deshmukh,Loyal,2023-01-15,LOC0136
CUST00618,Aarav Kumar,Premium,2023-06-12,LOC0081
CUST00619,Ananya Patel,Premium,2024-01-16,LOC0091
CUST00620,Divya Menon,New,2024-06-29,LOC0070
CUST00621,Siddharth Patel,Regular,2024-06-24,LOC0150
CUST00622,Kavya Bhat,Regular,2024-03-09,LOC0087
CUST00623,Neha Joshi,Loyal,2022-04-06,LOC0003
CUST00624,Aarav Chawla,Regular,2024-05-02,LOC0027
CUST00625,Sneha Rao,New,2023-04-23,LOC0050
CUST00626,Deepika Iyer,Premium,2025-07-21,LOC0056
CUST00627,Priya Patel,Regular,2025-04-12,LOC0034
CUST00628,Rajesh Nair,New,2024-10-18,LOC0048
CUST00629,Karthik Iyer,Loyal,2023-05-18,LOC0071
CUST00630,Rahul Singh,New,2024-12-18,LOC0019
CUST00631,Ananya Mehta,New,2023-05-23,LOC0016
CUST00632,Siddharth Nair,Premium,2022-07-31,LOC0126
CUST00633,Arjun Menon,New,2022-12-13,LOC0126
CUST00634,Anita Chawla,Loyal,2024-06-01,LOC0028
CUST00635,Siddharth Patel,Regular,2023-02-27,LOC0019
CUST00636,Siddharth Pillai,New,2025-06-28,LOC0128
CUST00637,Aarav Verma,New,2023-03-01,LOC0069
CUST00638,Rahul Mehta,Regular,2022-03-16,LOC0132
CUST00639,Meera Deshmukh,Regular,2023-07-10,LOC0018
CUST00640,Aarav Mehta,New,2024-04-30,LOC0124
CUST00641,Anita Das,Regular,2024-06-12,LOC0078
CUST00642,Rohan Das,New,2024-08-23,LOC0088
CUST00643,Karthik Kumar,Regular,2022-08-30,LOC0046
CUST00644,Aditya Gupta,Loyal,2024-07-13,LOC0100
CUST00645,Sneha Deshmukh,Regular,2025-05-13,LOC0113
CUST00646,Vikram Verma,Regular,2022-10-20,LOC0062
CUST00647,Rohan Gowda,Regular,2022-12-18,LOC0128
CUST00648,Karthik Sharma,New,2023-11-26,LOC0015
CUST00649,Ananya Mehta,Regular,2023-06-06,LOC0134
CUST00650,Anita Reddy,New,2022-11-04,LOC0019
CUST00651,Vikram Deshmukh,Loyal,2022-02-20,LOC0121
CUST00652,Deepika Verma,,2024-08-17,LOC0034
CUST00653,Ananya Kumar,Loyal,2024-02-23,LOC0044
CUST00654,Rohan Patel,New,2024-03-27,LOC0057
CUST00655,Arjun Chawla,New,2024-10-20,LOC0103
CUST00656,Rajesh Gowda,Loyal,2023-09-17,LOC0055
CUST00657,Rajesh Nair,New,2022-09-16,LOC0031
CUST00658,Divya Nair,New,2023-01-23,LOC0142
CUST00659,Kavya Bhat,Loyal,2023-04-27,LOC0026
CUST00660,Deepika Mehta,New,2022-10-29,LOC0125
CUST00661,Aarav Nair,Regular,2024-11-09,LOC0073
CUST00662,Meera Reddy,Regular,2023-02-11,LOC0070
CUST00663,Divya Rao,Regular,2024-06-20,LOC0010
CUST00664,Meera Menon,New,2024-08-20,LOC0078
CUST00665,Aarav Gowda,Premium,2023-03-18,LOC0031
CUST00666,Priya Menon,Regular,2024-11-29,LOC0139
CUST00667,Karthik Gupta,New,2022-10-06,LOC0050
CUST00668,Vikram Deshmukh,Regular,2022-10-19,LOC0041
CUST00669,Ananya Verma,New,2023-02-12,LOC0073
CUST00670,Siddharth Joshi,New,2024-05-24,LOC0117
CUST00671,Ananya Gowda,Regular,2023-03-13,LOC0008
CUST00672,Priya Iyer,Regular,2024-09-10,LOC0114
CUST00673,Rahul Chawla,New,2024-10-26,LOC0084
CUST00674,Priya Joshi,Regular,2022-12-16,LOC0061
CUST00675,Arjun Mehta,Regular,2022-11-25,LOC0121
CUST00676,Ananya Chawla,New,2023-05-28,LOC0117
CUST00677,Sneha Reddy,Regular,2024-05-18,LOC0050
CUST00678,Siddharth Gupta,Regular,2022-11-21,LOC0009
CUST00679,Ananya Singh,Regular,2023-02-14,LOC0120
CUST00680,Neha Joshi,Regular,2025-03-06,LOC0076
CUST00681,Deepika Nair,Loyal,2024-11-29,LOC0142
CUST00682,Rohan Chawla,Regular,2023-08-22,LOC0056
CUST00683,Karthik Singh,Regular,2025-01-10,LOC0110
CUST00684,Kavya Rao,New,2023-10-05,LOC0149
CUST00685,Rajesh Reddy,Regular,2024-09-18,LOC0002
CUST00686,Ananya Verma,New,2024-05-26,LOC0130
CUST00687,Suresh Mehta,Regular,2024-08-07,LOC0026
CUST00688,Kavya Iyer,Regular,2024-05-01,LOC0004
CUST00689,Divya Gupta,New,2023-10-28,LOC0076
CUST00690,Rohan Sharma,New,2024-03-16,LOC0079
CUST00691,Karthik Bhat,Regular,2022-04-02,LOC0117
CUST00692,Vikram Mehta,Regular,2024-12-15,LOC0095
CUST00693,Aarav Iyer,Regular,2024-12-18,LOC0086
CUST00694,Pooja Chawla,Regular,2024-07-30,LOC0139
CUST00695,Arjun Iyer,Regular,2024-08-07,LOC0086
CUST00696,Ananya Banerjee,New,2023-01-28,LOC0014
CUST00697,Sneha Pillai,Regular,2022-04-01,LOC0094
CUST00698,Anita Iyer,New,2024-03-15,LOC0053
CUST00699,Rahul Rao,Regular,2022-07-25,LOC0123
CUST00700,Rajesh Gupta,Loyal,2023-08-02,LOC0091
CUST00701,Suresh Chawla,Regular,2022-10-07,LOC0017
CUST00702,Karthik Deshmukh,Regular,2023-10-11,LOC0032
CUST00703,Anita Gowda,Loyal,2023-11-10,LOC0095
CUST00704,Rohan Gupta,Regular,2022-08-09,LOC0021
CUST00705,Neha Kumar,New,2023-03-14,LOC0043
CUST00706,Vikram Deshmukh,Regular,2025-03-29,LOC0053
CUST00707,Aarav Kumar,Premium,2025-02-18,LOC0139
CUST00708,Meera Das,New,2023-08-28,LOC0006
CUST00709,Rohan Sharma,Regular,2025-01-06,LOC0134
CUST00710,Divya Bhat,Regular,2024-05-11,LOC0084
CUST00711,Suresh Gowda,Regular,2023-08-30,LOC0078
CUST00712,Pooja Nair,Regular,2023-04-10,LOC0124
CUST00713,Pooja Verma,Regular,2023-10-14,LOC0073
CUST00714,Neha Menon,New,2024-10-08,LOC0138
CUST00715,Neha Reddy,New,2023-06-11,LOC0030
CUST00716,Rahul Bhat,Regular,2024-01-23,LOC0067
CUST00717,Arjun Gowda,Premium,2022-02-08,LOC0082
CUST00718,Vikram Das,Regular,2023-11-20,LOC0042
CUST00719,Priya Sharma,Loyal,2025-01-16,LOC0128
CUST00720,Karthik Joshi,Premium,2022-10-18,LOC0140
CUST00721,Rahul Kumar,Premium,2024-11-06,LOC0075
CUST00722,Rajesh Reddy,New,2024-04-02,LOC0114
CUST00723,Priya Deshmukh,New,2023-05-03,LOC0142
CUST00724,Aarav Mehta,Regular,2024-06-29,LOC0057
CUST00725,Rohan Joshi,Regular,2024-08-17,LOC0050
CUST00726,Kavya Singh,Regular,2022-10-16,LOC0022
CUST00727,Karthik Iyer,Regular,2023-05-22,LOC0050
CUST00728,Deepika Menon,Loyal,2024-12-06,LOC0015
CUST00729,Sneha Mehta,Regular,2024-10-20,LOC0110
CUST00730,Sneha Sharma,New,2023-07-28,LOC0090
CUST00731,Karthik Gowda,Regular,2023-06-26,LOC0114
CUST00732,Divya Pillai,Regular,2023-01-21,LOC0109
CUST00733,Divya Reddy,New,2023-11-09,LOC0023
CUST00734,Pooja Deshmukh,Premium,2023-03-17,LOC0017
CUST00735,Rajesh Mehta,Regular,2022-11-23,LOC0105
CUST00736,Siddharth Chawla,Regular,2024-04-25,LOC0119
CUST00737,Vikram Gupta,New,2025-01-27,LOC0098
CUST00738,Meera Verma,New,2024-12-01,LOC0150
CUST00739,Anita Pillai,New,2022-10-06,LOC0001
CUST00740,Pooja Deshmukh,Regular,2024-08-29,LOC0074
CUST00741,Meera Rao,Regular,2023-04-19,LOC0071
CUST00742,Rohan Menon,Regular,2024-02-15,LOC0124
CUST00743,Siddharth Deshmukh,Regular,2024-04-27,LOC0031
CUST00744,Rajesh Sharma,New,2023-02-04,LOC0149
CUST00745,Rahul Pillai,New,2022-05-30,LOC0092
CUST00746,Siddharth Das,New,2024-03-13,LOC0092
CUST00747,Pooja Banerjee,Regular,2024-09-23,LOC0020
CUST00748,Neha Patel,Regular,2024-04-09,LOC0043
CUST00749,Rahul Kumar,New,2024-07-17,LOC0093
CUST00750,Rajesh Das,Regular,2022-11-02,LOC0036
CUST00751,Sneha Deshmukh,New,2023-05-19,LOC0042
CUST00752,Vikram Banerjee,Loyal,2025-01-08,LOC0049
CUST00753,Anita Menon,Loyal,2024-05-13,LOC0135
CUST00754,Anita Patel,New,2023-09-16,LOC0020
CUST00755,Vikram Sharma,Regular,2023-04-22,LOC0080
CUST00756,Vikram Pillai,New,2023-08-19,LOC0088
CUST00757,Pooja Sharma,Loyal,2023-06-17,LOC0033
CUST00758,Vikram Rao,New,2022-12-03,LOC0054
CUST00759,Rohan Chawla,New,2024-03-04,LOC0029
CUST00760,Meera Chawla,New,2023-06-30,LOC0028
CUST00761,Suresh Bhat,Loyal,2024-03-26,LOC0031
CUST00762,Ananya Iyer,Loyal,2024-06-13,LOC0003
CUST00763,Priya Menon,New,2024-05-11,LOC0052
CUST00764,Sneha Sharma,Premium,2023-04-14,LOC0072
CUST00765,Sneha Das,Loyal,2025-03-04,LOC0129
CUST00766,Deepika Rao,New,2023-11-22,LOC0018
CUST00767,Rajesh Sharma,Premium,2022-11-14,LOC0050
CUST00768,Neha Gowda,Loyal,2025-09-21,LOC0026
CUST00769,Suresh Deshmukh,Regular,2024-06-11,LOC0048
CUST00770,Priya Nair,New,2023-07-27,LOC0109
CUST00771,Kavya Chawla,New,2024-12-23,LOC0081
CUST00772,Priya Banerjee,Regular,2024-03-14,LOC0093
CUST00773,Anita Verma,New,2023-10-21,LOC0127
CUST00774,Pooja Pillai,Regular,2024-03-22,LOC0080
CUST00775,Karthik Rao,Premium,2023-05-15,LOC0075
CUST00776,Divya Gupta,Premium,2025-05-31,LOC0122
CUST00777,Sneha Nair,Regular,2024-11-15,LOC0126
CUST00778,Aditya Pillai,New,2024-02-12,LOC0022
CUST00779,Aditya Mehta,Regular,2023-09-07,LOC0027
CUST00780,Neha Iyer,New,2025-03-23,LOC0051
CUST00781,Deepika Mehta,Regular,2023-06-26,LOC0109
CUST00782,Siddharth Bhat,Regular,2022-12-08,LOC0103
CUST00783,Deepika Mehta,New,2023-10-03,LOC0072
CUST00784,Karthik Patel,Regular,2023-07-14,LOC0126
CUST00785,Vikram Sharma,Loyal,2024-12-06,LOC0014
CUST00786,Meera Sharma,New,2023-10-28,LOC0084
CUST00787,Deepika Menon,Regular,2024-12-30,LOC0020
CUST00788,Suresh Deshmukh,Regular,2022-11-30,LOC0076
CUST00789,Meera Banerjee,Loyal,2024-02-27,LOC0088
CUST00790,Anita Gowda,Premium,2025-08-24,LOC0009
CUST00791,Priya Mehta,Regular,2023-04-03,LOC0097
CUST00792,Ananya Verma,Loyal,2024-04-25,LOC0078
CUST00793,Neha Deshmukh,Regular,2022-10-10,LOC0080
CUST00794,Meera Patel,Regular,2024-02-05,LOC0126
CUST00795,Anita Bhat,Loyal,2023-09-05,LOC0144
CUST00796,Suresh Verma,Regular,2023-03-11,LOC0127
CUST00797,Aditya Menon,New,2023-01-16,LOC0073
CUST00798,Aarav Bhat,New,2023-04-19,LOC0094
CUST00799,Rajesh Sharma,New,2023-01-30,LOC0098
CUST00800,Sneha Das,Regular,2023-05-30,LOC0015
CUST00801,Kavya Rao,Loyal,2022-12-20,LOC0022
CUST00802,Rohan Kumar,New,2023-10-15,LOC0044
CUST00803,Rahul Verma,Regular,2024-03-14,LOC0109
CUST00804,Divya Singh,Regular,2024-12-03,LOC0121
CUST00805,Rahul Mehta,Regular,2023-04-18,LOC0083
CUST00806,Meera Patel,New,2023-12-05,LOC0053
CUST00807,Suresh Joshi,Regular,2024-06-28,LOC0077
CUST00808,Divya Gupta,Loyal,2024-02-01,LOC0020
CUST00809,Anita Gupta,New,2023-05-05,LOC0013
CUST00810,Rajesh Mehta,Regular,2024-06-08,LOC0024
CUST00811,Rajesh Patel,New,2023-02-11,LOC0070
CUST00812,Suresh Deshmukh,Loyal,2022-12-28,LOC0089
CUST00813,Pooja Banerjee,New,2023-10-18,LOC0139
CUST00814,Divya Mehta,Regular,2024-05-26,LOC0132
CUST00815,Anita Nair,Loyal,2024-09-25,LOC0133
CUST00816,Rajesh Deshmukh,New,2024-07-21,LOC0120
CUST00817,Anita Menon,Regular,2025-01-05,LOC0145
CUST00818,Ananya Banerjee,New,2023-09-29,LOC0119
CUST00819,Vikram Kumar,Loyal,2023-07-18,LOC0082
CUST00820,Rohan Gupta,Regular,2023-03-04,LOC0074
CUST00821,Siddharth Menon,New,2023-10-23,LOC0062
CUST00822,Arjun Sharma,Regular,2024-11-22,LOC0080
CUST00823,Anita Chawla,New,2024-03-22,LOC0010
CUST00824,Siddharth Reddy,Regular,2023-09-08,LOC0072
CUST00825,Neha Verma,New,2024-07-07,LOC0006
CUST00826,Rohan Joshi,Loyal,2022-12-29,LOC0017
CUST00827,Divya Das,Regular,2023-11-27,LOC0024
CUST00828,Vikram Rao,Premium,2024-06-11,LOC0129
CUST00829,Suresh Bhat,Loyal,2022-12-21,LOC0128
CUST00830,Kavya Menon,New,2024-12-30,LOC0081
CUST00831,Rajesh Mehta,New,2025-04-17,LOC0109
CUST00832,Priya Nair,Regular,2025-06-03,LOC0071
CUST00833,Siddharth Bhat,Regular,2024-04-19,LOC0137
CUST00834,Priya Joshi,Regular,2023-06-04,LOC0122
CUST00835,Siddharth Reddy,Loyal,2023-10-29,LOC0095
CUST00836,Aarav Menon,Regular,2025-04-24,LOC0014
CUST00837,Kavya Singh,Regular,2023-04-22,LOC0080
CUST00838,Sneha Patel,Loyal,2024-09-06,LOC0061
CUST00839,Aditya Sharma,New,2025-01-18,LOC0066
CUST00840,Kavya Kumar,Loyal,2025-02-12,LOC0042
CUST00841,Rahul Chawla,Loyal,2023-09-21,LOC0021
CUST00842,Meera Deshmukh,Regular,2025-01-07,LOC0086
CUST00843,Priya Nair,New,2022-10-03,LOC0130
CUST00844,Divya Menon,Regular,2024-04-20,LOC0084
CUST00845,Aarav Verma,Regular,2023-11-25,LOC0048
CUST00846,Vikram Sharma,New,2022-12-31,LOC0079
CUST00847,Rohan Patel,Regular,2023-06-25,LOC0133
CUST00848,Vikram Menon,Regular,2023-03-11,LOC0082
CUST00849,Vikram Singh,Loyal,2024-09-07,LOC0084
CUST00850,Arjun Iyer,Regular,2023-06-14,LOC0047
CUST00851,Aditya Bhat,Loyal,2022-09-30,LOC0006
CUST00852,Deepika Rao,New,2025-08-10,LOC0119
CUST00853,Neha Verma,Regular,2024-03-03,LOC0110
CUST00854,Vikram Iyer,New,2022-12-18,LOC0146
CUST00855,Suresh Chawla,New,2024-09-07,LOC0127
CUST00856,Arjun Gupta,Regular,2023-06-08,LOC0127
CUST00857,Divya Gupta,Regular,2022-10-06,LOC0073
CUST00858,Arjun Chawla,New,2023-11-23,LOC0038
CUST00859,Siddharth Rao,Regular,2023-05-26,LOC0064
CUST00860,Karthik Iyer,Loyal,2024-04-20,LOC0035
CUST00861,Aditya Gupta,Regular,2023-01-28,LOC0109
CUST00862,Siddharth Iyer,New,2024-06-06,LOC0016
CUST00863,Kavya Deshmukh,New,2024-03-15,LOC0012
CUST00864,Suresh Menon,Regular,2023-04-25,LOC0102
CUST00865,Vikram Gowda,New,2024-07-27,LOC0046
CUST00866,Suresh Deshmukh,New,2024-12-26,LOC0120
CUST00867,Rahul Banerjee,New,2022-10-17,LOC0067
CUST00868,Ananya Reddy,Regular,2024-09-29,LOC0072
CUST00869,Divya Kumar,Regular,2024-05-08,LOC0068
CUST00870,Divya Nair,Loyal,2024-08-16,LOC0126
CUST00871,Vikram Gowda,New,2023-11-12,LOC0113
CUST00872,Vikram Verma,Regular,2023-03-12,LOC0010
CUST00873,Neha Pillai,New,2022-09-18,LOC0127
CUST00874,Sneha Gowda,New,2023-08-09,LOC0127
CUST00875,Vikram Patel,Loyal,2022-10-10,LOC0053
CUST00876,Neha Nair,Regular,2024-08-05,LOC0070
CUST00877,Rajesh Gupta,Regular,2024-11-27,LOC0002
CUST00878,Rajesh Nair,New,2024-12-30,LOC0020
CUST00879,Meera Patel,Regular,2022-08-12,LOC0073
CUST00880,Priya Mehta,Loyal,2024-02-18,LOC0028
CUST00881,Vikram Sharma,Regular,2024-03-06,LOC0123
CUST00882,Siddharth Menon,Premium,2022-02-04,LOC0085
CUST00883,Deepika Pillai,New,2025-03-15,LOC0146
CUST00884,Ananya Kumar,Regular,2024-10-14,LOC0015
CUST00885,Anita Menon,New,2022-09-22,LOC0103
CUST00886,Kavya Mehta,New,2022-12-08,LOC0054
CUST00887,Aditya Kumar,New,2024-03-15,LOC0040
CUST00888,Meera Chawla,Regular,2025-02-06,LOC0034
CUST00889,Priya Das,Regular,2022-11-04,LOC0126
CUST00890,Aditya Deshmukh,New,2024-03-15,LOC0109
CUST00891,Divya Das,Regular,2022-08-30,LOC0112
CUST00892,Rohan Verma,Regular,2023-03-29,LOC0119
CUST00893,Vikram Deshmukh,New,2024-01-11,LOC0135
CUST00894,Karthik Chawla,New,2025-06-07,LOC0123
CUST00895,Vikram Kumar,New,2024-02-13,LOC0110
CUST00896,Ananya Gowda,Regular,2025-06-19,LOC0012
CUST00897,Suresh Chawla,Regular,2022-09-08,LOC0119
CUST00898,Rajesh Singh,New,2023-03-21,LOC0150
CUST00899,Suresh Sharma,New,2024-12-01,LOC0119
CUST00900,Neha Mehta,Loyal,2023-03-04,LOC0107
CUST00901,Pooja Joshi,Loyal,2024-03-17,LOC0117
CUST00902, Karthik Menon ,New,2023-08-03,LOC0048
CUST00903,Rohan Menon,Regular,2025-01-30,LOC0028
CUST00904,Aarav Sharma,New,2022-10-10,LOC0004
CUST00905,Meera Pillai,New,2023-03-02,LOC0125
CUST00906,Deepika Das,Loyal,2023-12-03,LOC0102
CUST00907,Rohan Reddy,New,2022-11-07,LOC0049
CUST00908,Aarav Gupta,Regular,2023-07-21,LOC0124
CUST00909,Kavya Chawla,New,2024-07-12,LOC0138
CUST00910,Pooja Pillai,New,2024-02-15,LOC0109
CUST00911,Neha Reddy,Regular,2023-04-07,LOC0125
CUST00912,Karthik Bhat,Regular,2023-03-24,LOC0076
CUST00913,Aditya Verma,Regular,2022-07-23,LOC0027
CUST00914,Divya Chawla,Regular,2024-05-16,LOC0149
CUST00915,Anita Kumar,Regular,2024-04-26,LOC0103
CUST00916,Rajesh Menon,New,2024-08-02,LOC0125
CUST00917,Ananya Banerjee,New,2024-02-28,LOC0148
CUST00918,Rohan Singh,New,2023-04-07,LOC0122
CUST00919,Deepika Das,New,2024-04-30,LOC0112
CUST00920,Pooja Gupta,New,2023-04-23,LOC0113
CUST00921,Kavya Bhat,New,2022-12-29,LOC0120
CUST00922,Pooja Mehta,Loyal,2024-10-02,LOC0093
CUST00923,Neha Menon,Regular,2023-07-03,LOC0023
CUST00924,Vikram Nair,New,2023-02-28,LOC0126
CUST00925,Divya Deshmukh,Regular,2023-03-27,LOC0054
CUST00926,Aarav Das,New,2023-08-21,LOC0041
CUST00927,Suresh Verma,New,2023-11-10,LOC0111
CUST00928,Kavya Patel,New,2022-11-04,LOC0125
CUST00929,Rahul Das,New,2025-02-04,LOC0143
CUST00930,Vikram Banerjee,Regular,2024-01-12,LOC0027
CUST00931,Karthik Pillai,Loyal,2025-07-31,LOC0028
CUST00932,Deepika Patel,New,2022-05-01,LOC0130
CUST00933,Priya Gupta,Regular,2022-12-07,LOC0075
CUST00934,Suresh Deshmukh,New,2023-04-18,LOC0094
CUST00935,Vikram Patel,Loyal,2023-12-13,LOC0107
CUST00936,Aarav Rao,Regular,2023-04-18,LOC0074
CUST00937,Rohan Singh,Regular,2024-06-26,LOC0107
CUST00938,Kavya Reddy,New,2023-06-10,LOC0059
CUST00939,Divya Chawla,Premium,2024-12-11,LOC0118
CUST00940,Suresh Das,Loyal,2024-03-14,LOC0038
CUST00941,Suresh Iyer,Regular,2023-10-31,LOC0081
CUST00942,Neha Chawla,Regular,2024-01-07,LOC0010
CUST00943,Vikram Bhat,Premium,2024-09-09,LOC0134
CUST00944,Divya Mehta,Loyal,2024-01-05,LOC0142
CUST00945,Rahul Das,Loyal,2025-04-22,LOC0072
CUST00946,Deepika Reddy,Regular,2023-02-25,LOC0115
CUST00947,Anita Menon,Regular,2023-12-18,LOC0114
CUST00948,Aditya Gupta,Regular,2022-10-25,LOC0010
CUST00949,Aditya Reddy,New,2023-10-15,LOC0073
CUST00950,Suresh Gowda,Loyal,2024-01-10,LOC0088
CUST00951,Neha Sharma,Regular,2025-06-16,LOC0139
CUST00952,Kavya Kumar,Regular,2023-10-29,LOC0029
CUST00953,Sneha Singh,New,2023-07-18,LOC0091
CUST00954,Priya Pillai,Regular,2024-03-10,LOC0002
CUST00955,Kavya Bhat,Loyal,2024-03-18,LOC0137
CUST00956,Kavya Das,Regular,2023-05-19,LOC0147
CUST00957,Aditya Banerjee,Regular,2022-12-13,LOC0084
CUST00958,Arjun Das,Regular,2022-08-22,LOC0038
CUST00959,Divya Iyer,Loyal,2023-01-17,LOC0109
CUST00960,Meera Gupta,Regular,2022-08-05,LOC0095
CUST00961,Aditya Bhat,Loyal,2023-09-03,LOC0102
CUST00962,Rajesh Deshmukh,Regular,2023-04-19,LOC0113
CUST00963,Meera Chawla,New,2023-03-06,LOC0130
CUST00964,Karthik Reddy,New,2023-06-15,LOC0136
CUST00965,Arjun Pillai,Premium,2022-06-06,LOC0041
CUST00966,Sneha Patel,New,2024-07-18,LOC0105
CUST00967,Sneha Bhat,New,2022-09-16,LOC0134
CUST00968,Sneha Kumar,Regular,2023-04-30,LOC0076
CUST00969,Vikram Reddy,Premium,2023-05-11,LOC0013
CUST00970,Pooja Kumar,New,2023-03-19,LOC0126
CUST00971,Anita Das,Regular,2025-05-07,LOC0012
CUST00972,Rajesh Kumar,Loyal,2023-06-24,LOC0087
CUST00973,Meera Menon,Regular,2024-12-14,LOC0036
CUST00974,Karthik Pillai,Loyal,2023-04-29,LOC0039
CUST00975,Rahul Iyer,Regular,2023-12-28,LOC0105
CUST00976,Aditya Joshi,Regular,2022-05-16,LOC0114
CUST00977,Rohan Nair,regular,2022-01-29,LOC0147
CUST00978,Pooja Gowda,New,2022-06-11,LOC0144
CUST00979,Deepika Gowda,Premium,2024-04-25,LOC0014
CUST00980,Suresh Gupta,New,2023-09-29,LOC0005
CUST00981,Anita Nair,New,2023-09-30,LOC0053
CUST00982,Rajesh Pillai,Regular,2025-02-22,LOC0137
CUST00983,Aditya Bhat,New,2024-04-25,LOC0006
CUST00984,Neha Chawla,New,2025-05-18,LOC0136
CUST00985,Siddharth Iyer,New,2023-02-13,LOC0139
CUST00986,Vikram Nair,New,2024-10-18,LOC0023
CUST00987,Divya Nair,New,2024-08-22,LOC0084
CUST00988,Ananya Kumar,New,2022-09-25,LOC0082
CUST00989,Rahul Singh,New,2025-02-11,LOC0031
CUST00990,Kavya Menon,Regular,2022-11-04,LOC0127
CUST00991,Suresh Mehta,New,2023-08-06,LOC0016
CUST00992,Anita Chawla,Regular,2024-04-07,LOC0008
CUST00993,Kavya Sharma,New,2024-03-06,LOC0026
CUST00994,Anita Reddy,Regular,2024-03-02,LOC0105
CUST00995,Suresh Gupta,Premium,2023-11-07,LOC0139
CUST00996,Kavya Gowda,Regular,2025-02-07,LOC0143
CUST00997,Aarav Pillai,New,2022-12-11,LOC0043
CUST00998,Meera Singh,Premium,2022-11-12,LOC0098
CUST00999,Arjun Bhat,New,2023-01-28,LOC0012
CUST01000,Anita Bhat,Regular,2023-09-30,LOC0023
CUST01001,Priya Reddy,New,2023-01-03,LOC0111
CUST01002,Suresh Joshi,Regular,2024-09-11,LOC0088
CUST01003,Karthik Singh,New,2024-07-07,LOC0083
CUST01004,Karthik Menon,Regular,2022-08-02,LOC0035
CUST01005,Aarav Menon,Regular,2022-05-07,LOC0003
CUST01006,Divya Gowda,Loyal,2023-12-31,LOC0126
CUST01007,Anita Iyer,Regular,2023-12-01,LOC0020
CUST01008,Karthik Patel,Loyal,2025-03-26,LOC0097
CUST01009,Sneha Mehta,New,2025-02-08,LOC0003
CUST01010,Sneha Gupta,Regular,2022-05-28,LOC0057
CUST01011,Siddharth Das,Loyal,2022-12-26,LOC0078
CUST01012,Kavya Rao,New,2025-01-08,LOC0093
CUST01013,Meera Menon,Premium,2022-09-23,LOC0051
CUST01014,Aditya Patel,Regular,2024-03-16,LOC0129
CUST01015,Anita Gupta,Regular,2024-02-24,LOC0145
CUST01016,Deepika Bhat,Regular,2022-12-09,LOC0033
CUST01017,Vikram Singh,Loyal,2024-08-08,LOC0059
CUST01018,Siddharth Gupta,Regular,2022-02-11,LOC0137
CUST01019,Anita Pillai,Regular,2025-08-17,LOC0110
CUST01020,Ananya Joshi,New,2024-10-05,LOC0105
CUST01021,Suresh Pillai,Loyal,2023-04-28,LOC0133
CUST01022,Kavya Verma,Regular,2025-03-09,LOC0108
CUST01023,Rahul Sharma,New,2022-12-31,LOC0086
CUST01024,Rajesh Sharma,Premium,2024-08-14,LOC0109
CUST01025,Kavya Gupta,New,2023-09-11,LOC0080
CUST01026,Priya Sharma,Regular,2023-07-17,LOC0007
CUST01027,Rahul Singh,New,2022-12-16,LOC0122
CUST01028,Rahul Verma,Premium,2023-12-29,LOC0061
CUST01029,Deepika Menon,Regular,2024-07-12,LOC0025
CUST01030,Rajesh Patel,Loyal,2025-08-12,LOC0016
CUST01031,Aditya Joshi,New,2022-03-18,LOC0033
CUST01032,Karthik Verma,New,2024-04-16,LOC0111
CUST01033,Ananya Gowda,Regular,2023-10-03,LOC0098
CUST01034,Deepika Chawla,Regular,2025-02-05,LOC0003
CUST01035,Karthik Chawla,New,2023-11-14,LOC0026
CUST01036,Aarav Pillai,New,2023-03-14,LOC0050
CUST01037,Aarav Menon,Loyal,2022-03-11,LOC0050
CUST01038,Vikram Banerjee,Regular,2023-08-21,LOC0108
CUST01039,Deepika Pillai,Loyal,2023-06-03,LOC0036
CUST01040,Ananya Reddy,Regular,2024-03-15,LOC0112
CUST01041,Sneha Kumar,Loyal,2024-08-31,LOC0139
CUST01042,Vikram Deshmukh,New,2024-04-04,LOC0088
CUST01043,Aarav Banerjee,New,2024-01-09,LOC0038
CUST01044,Suresh Gowda,New,2024-02-10,LOC0089
CUST01045,Arjun Gupta,Regular,2023-11-11,LOC0049
CUST01046,Karthik Menon,Regular,2022-12-17,LOC0149
CUST01047,Rahul Menon,New,2023-10-03,LOC0085
CUST01048,Karthik Verma,Regular,2022-12-03,LOC0001
CUST01049,Kavya Pillai,Regular,2022-09-22,LOC0062
CUST01050,Rahul Mehta,Loyal,2023-11-01,LOC0048
CUST01051,Aarav Das,New,2023-03-12,LOC0092
CUST01052,Priya Reddy,regular,2023-10-30,LOC0050
CUST01053,Sneha Verma,New,2023-07-08,LOC0051
CUST01054,Kavya Singh,New,2023-09-16,LOC0142
CUST01055,Arjun Sharma,Loyal,2025-02-12,LOC0068
CUST01056,Aarav Reddy,New,2024-04-21,LOC0029
CUST01057,Arjun Kumar,Loyal,2023-01-13,LOC0095
CUST01058,Neha Banerjee,Loyal,2024-08-06,LOC0112
CUST01059,Rohan Patel,Loyal,2025-04-10,LOC0034
CUST01060,Arjun Gowda,New,2024-06-02,LOC0096
CUST01061,Divya Rao,Loyal,2025-01-28,LOC0049
CUST01062,Pooja Reddy,Regular,2023-03-28,LOC0014
CUST01063,Siddharth Reddy,Loyal,2025-01-01,LOC0150
CUST01064,Arjun Iyer,New,2024-07-23,LOC0017
CUST01065,Aditya Banerjee,Regular,2023-11-16,LOC0133
CUST01066,Rahul Das,Regular,2024-03-18,LOC0124
CUST01067,Meera Deshmukh,Regular,2024-04-03,LOC0103
CUST01068,Rajesh Verma,Regular,2023-04-29,LOC0052
CUST01069,Kavya Mehta,Loyal,2023-07-22,LOC0109
CUST01070,Rajesh Nair,New,2023-03-11,LOC0141
CUST01071,Rohan Kumar,New,2023-11-01,LOC0091
CUST01072,Ananya Pillai,Regular,2024-01-10,LOC0087
CUST01073,Karthik Chawla,New,2023-06-17,LOC0128
CUST01074,Aditya Sharma,New,2023-12-28,LOC0060
CUST01075,Rohan Das,Regular,2023-09-17,LOC0129
CUST01076,Rohan Singh,New,2022-12-16,LOC0031
CUST01077,Ananya Gowda,Regular,2023-08-28,LOC0051
CUST01078,Siddharth Kumar,New,2024-05-31,LOC0071
CUST01079,Deepika Reddy,New,2024-10-18,LOC0067
CUST01080,Pooja Kumar,Premium,2024-09-16,LOC0104
CUST01081,Rajesh Sharma,Premium,2024-03-04,LOC0132
CUST01082,Vikram Mehta,Regular,2023-04-27,LOC0054
CUST01083,Suresh Bhat,Regular,2024-05-08,LOC0120
CUST01084,Karthik Joshi,Regular,2023-10-05,LOC0049
CUST01085,Divya Gupta,New,2023-08-25,LOC0143
CUST01086,Vikram Bhat,Regular,2023-09-05,LOC0003
CUST01087,Sneha Joshi,Regular,2023-11-11,LOC0109
CUST01088,Aditya Gowda,Regular,2023-06-30,LOC0006
CUST01089,Ananya Reddy,Regular,2025-07-11,LOC0085
CUST01090,Deepika Menon,Premium,2024-08-17,LOC0101
CUST01091,Arjun Mehta,New,2024-05-30,LOC0099
CUST01092,Priya Joshi,Regular,2024-11-25,LOC0116
CUST01093,Pooja Iyer,New,2023-01-20,LOC0142
CUST01094,Deepika Deshmukh,New,2023-06-28,LOC0051
CUST01095,Aditya Kumar,Regular,2023-05-14,LOC0075
CUST01096,Rohan Pillai,New,2023-12-15,LOC0133
CUST01097,Rahul Chawla,New,2022-11-22,LOC0029
CUST01098,Divya Deshmukh,New,2023-12-30,LOC0053
CUST01099,Arjun Kumar,New,2024-09-08,LOC0122
CUST01100,Rajesh Kumar,Regular,2022-09-30,LOC0129
CUST01101,Karthik Singh,Regular,2022-09-27,LOC0037
CUST01102,Aditya Menon,Loyal,2024-02-17,LOC0085
CUST01103,Meera Pillai,Regular,2023-12-20,LOC0011
CUST01104,Pooja Pillai,Regular,2024-06-24,LOC0077
CUST01105,Neha Chawla,Regular,2023-02-26,LOC0111
CUST01106,Neha Bhat,New,2023-12-21,LOC0012
CUST01107,Neha Singh,Regular,2023-08-18,LOC0075
CUST01108,Rohan Gupta,New,2023-06-19,LOC0142
CUST01109,Sneha Iyer,Regular,2024-04-08,LOC0084
CUST01110,Neha Singh,Regular,2024-02-17,LOC0012
CUST01111,Rohan Pillai,Loyal,2023-06-06,LOC0103
CUST01112,Aditya Verma,Regular,2023-09-09,LOC0030
CUST01113,Vikram Joshi,Regular,2024-02-28,LOC0119
CUST01114,Rohan Iyer,Regular,2024-01-28,LOC0063
CUST01115,Karthik Reddy,Loyal,2024-08-22,LOC0072
CUST01116,Neha Sharma,New,2022-06-07,LOC0046
CUST01117,Anita Mehta,Regular,2022-12-25,LOC0003
CUST01118,Vikram Pillai,Regular,2022-12-31,LOC0056
CUST01119,Anita Gupta,Loyal,2024-05-02,LOC0013
CUST01120,Suresh Patel,Regular,2024-05-22,LOC0079
CUST01121,Deepika Sharma,Loyal,2025-02-05,LOC0097
CUST01122,Kavya Das,New,2023-03-24,LOC0024
CUST01123,Aarav Sharma,Regular,2024-10-30,LOC0050
CUST01124,Rohan Rao,Regular,2025-02-06,LOC0043
CUST01125,Ananya Chawla,New,2022-08-02,LOC0084
CUST01126,Arjun Menon,Regular,2025-04-30,LOC0139
CUST01127,Divya Patel,Regular,2023-04-11,LOC0028
CUST01128,Neha Sharma,New,2024-04-09,LOC0081
CUST01129,Arjun Pillai,Regular,2022-11-17,LOC0072
CUST01130,Sneha Verma,Regular,2025-05-22,LOC0056
CUST01131,Deepika Deshmukh,Loyal,2024-11-08,LOC0138
CUST01132,Rajesh Nair,Regular,2025-05-04,LOC0025
CUST01133,Aditya Reddy,Premium,2023-01-10,LOC0082
CUST01134,Meera Iyer,Regular,2022-08-01,LOC0150
CUST01135,Suresh Rao,New,2023-12-11,LOC0004
CUST01136,Deepika Patel,Loyal,2023-03-26,LOC0110
CUST01137,Deepika Iyer,Regular,2023-04-21,LOC0096
CUST01138,Arjun Reddy,New,2023-01-18,LOC0010
CUST01139,Deepika Pillai,New,2022-12-01,LOC0072
CUST01140,Ananya Banerjee,Loyal,2024-03-27,LOC0074
CUST01141,Kavya Joshi,Regular,2023-03-15,LOC0053
CUST01142,Kavya Rao,Regular,2024-08-05,LOC0098
CUST01143,Neha Pillai,Loyal,2022-02-19,LOC0017
CUST01144,Rohan Gupta,Premium,2024-09-15,LOC0037
CUST01145,Vikram Iyer,Loyal,2024-06-02,LOC0141
CUST01146,Arjun Rao,Regular,2022-07-06,LOC0110
CUST01147,Pooja Nair,New,2023-05-30,LOC0109
CUST01148,Kavya Kumar,Premium,2024-03-20,LOC0115
CUST01149,Arjun Singh,Regular,2022-07-20,LOC0093
CUST01150,Neha Deshmukh,Regular,2023-07-27,LOC0130
CUST01151,Divya Reddy,Regular,2022-05-20,LOC0098
CUST01152,Rohan Kumar,Regular,2023-09-04,LOC0040
CUST01153,Neha Singh,Regular,2023-10-08,LOC0079
CUST01154,Aditya Gowda,New,2023-07-02,LOC0019
CUST01155,Meera Gupta,New,2025-05-09,LOC0049
CUST01156,Suresh Das,Premium,2023-06-13,LOC0107
CUST01157,Sneha Mehta,Regular,2023-03-07,LOC0019
CUST01158,Ananya Patel,New,2025-01-27,LOC0145
CUST01159,Divya Singh,Regular,2023-12-10,LOC0126
CUST01160,Sneha Verma,Regular,2023-03-03,LOC0109
CUST01161,Kavya Deshmukh,Regular,2025-07-15,LOC0093
CUST01162,Aarav Reddy,Premium,2024-05-01,LOC0117
CUST01163,Vikram Singh,Premium,2024-05-05,LOC0149
CUST01164,Neha Sharma,Regular,2024-12-31,LOC0024
CUST01165,Aditya Mehta,Regular,2023-08-28,LOC0021
CUST01166,Arjun Chawla,New,2025-02-04,LOC0110
CUST01167,Pooja Banerjee,Regular,2024-02-07,LOC0098
CUST01168,Divya Iyer,Loyal,2024-08-19,LOC0147
CUST01169,Sneha Reddy,Premium,2024-09-21,LOC0054
CUST01170,Aditya Kumar,New,2023-06-19,LOC0126
CUST01171,Rohan Chawla,Regular,2023-06-08,LOC0074
CUST01172,Neha Nair,New,2022-12-31,LOC0035
CUST01173,Neha Banerjee,Loyal,2024-02-10,LOC0146
CUST01174,Neha Gupta,Loyal,2025-01-07,LOC0047
CUST01175,Arjun Singh,Loyal,2023-08-31,LOC0028
CUST01176,Neha Iyer,New,2022-10-30,LOC0097
CUST01177,Rohan Joshi,Regular,2024-08-07,LOC0061
CUST01178,Priya Sharma,Regular,2023-08-30,LOC0002
CUST01179,Ananya Patel,Regular,2024-03-02,LOC0002
CUST01180,Suresh Singh,Regular,2023-08-25,LOC0087
CUST01181,Rahul Das,Premium,2024-07-16,LOC0088
CUST01182,Kavya Das,Regular,2023-03-10,LOC0097
CUST01183,Sneha Joshi,Loyal,2022-11-14,LOC0117
CUST01184,Aditya Reddy,Loyal,2024-08-26,LOC0032
CUST01185,Siddharth Rao,Regular,2023-10-02,LOC0122
CUST01186,Arjun Sharma,New,2024-10-16,LOC0083
CUST01187,Sneha Verma,New,2024-06-12,LOC0114
CUST01188,Meera Mehta,New,2024-05-15,LOC0021
CUST01189,Meera Patel,Regular,2023-04-14,LOC0050
CUST01190,Suresh Bhat,Regular,2022-05-20,LOC0033
CUST01191,Rohan Kumar,New,2023-08-06,LOC0120
CUST01192,Karthik Patel,New,2024-03-08,LOC0139
CUST01193,Arjun Nair,New,2024-01-15,LOC0023
CUST01194,Aarav Nair,Loyal,2025-01-27,LOC0099
CUST01195,Kavya Singh,Regular,2023-05-28,LOC0032
CUST01196,Anita Deshmukh,Loyal,2025-02-07,LOC0086
CUST01197,Rajesh Menon,Regular,2024-09-18,LOC0088
CUST01198,Aditya Gowda,New,2024-08-27,LOC0060
CUST01199,Priya Kumar,New,2023-03-12,LOC0023
CUST01200,Rajesh Gupta,New,2024-06-11,LOC0095
CUST01201,Rahul Mehta,New,2024-04-04,LOC0001
CUST01202,Rajesh Gowda,Premium,2025-02-09,LOC0100
CUST01203,Rahul Das,Regular,2024-09-01,LOC0033
CUST01204,Deepika Bhat,New,2022-12-28,LOC0102
CUST01205,Karthik Joshi,Loyal,2025-01-31,LOC0076
CUST01206,Meera Pillai,New,2024-06-24,LOC0073
CUST01207,Ananya Menon,Premium,2023-06-03,LOC0129
CUST01208,Priya Singh,Regular,2023-08-15,LOC0123
CUST01209,Arjun Deshmukh,New,2024-07-26,LOC0097
CUST01210,Rahul Reddy,Regular,2025-01-31,LOC0058
CUST01211,Ananya Nair,New,2024-05-10,LOC0101
CUST01212,Neha Sharma,Regular,2023-05-02,LOC0087
CUST01213,Meera Das,Regular,2023-07-20,LOC0019
CUST01214,Pooja Kumar,Regular,2024-08-12,LOC0050
CUST01215,Anita Mehta,Loyal,2023-03-27,LOC0083
CUST01216,Rajesh Verma,Regular,2022-11-10,LOC0118
CUST01217,Rajesh Reddy,New,2024-05-01,LOC0124
CUST01218,Vikram Gupta,Regular,2024-12-13,LOC0051
CUST01219,Aarav Das,Regular,2022-06-25,LOC0038
CUST01220,Divya Nair,Premium,2023-03-12,LOC0092
CUST01221,Neha Verma,Regular,2024-04-12,LOC0087
CUST01222,Vikram Mehta,New,2022-10-02,LOC0031
CUST01223,Meera Kumar,Regular,2023-09-16,LOC0045
CUST01224,Aditya Iyer,New,2024-10-10,LOC0098
CUST01225,Karthik Das,New,2023-04-28,LOC0030
CUST01226,Meera Banerjee,Premium,2022-10-01,LOC0147
CUST01227,Meera Singh,Loyal,2024-02-13,LOC0025
CUST01228,Neha Mehta,New,2024-02-18,LOC0112
CUST01229,Vikram Patel,New,2022-09-22,LOC0138
CUST01230,Aarav Mehta,Loyal,2024-07-07,LOC0138
CUST01231,Suresh Deshmukh,Regular,2024-05-14,LOC0150
CUST01232,Priya Gupta,New,2024-08-05,LOC0031
CUST01233,Deepika Nair,Loyal,2024-07-20,LOC0115
CUST01234,Priya Verma,Regular,2024-06-07,LOC0053
CUST01235,Rohan Gowda,New,2025-01-10,LOC0009
CUST01236,Priya Banerjee,New,2023-08-09,LOC0140
CUST01237,Aarav Rao,Loyal,2022-09-17,LOC0133
CUST01238,Pooja Gowda,Regular,2022-10-09,LOC0148
CUST01239,Rahul Banerjee,Regular,2024-03-16,LOC0138
CUST01240,Priya Verma,New,2022-10-09,LOC0049
CUST01241,Arjun Reddy,Regular,2023-09-15,LOC0056
CUST01242,Siddharth Reddy,Regular,2023-04-25,LOC0020
CUST01243,Siddharth Mehta,Regular,2024-08-16,LOC0042
CUST01244,Rohan Singh,Regular,2023-03-31,LOC0037
CUST01245,Rohan Singh,Regular,2024-01-25,LOC0050
CUST01246,Rajesh Banerjee,Loyal,2022-08-12,LOC0108
CUST01247,Rahul Chawla,New,2022-07-17,LOC0064
CUST01248,Priya Gowda,Regular,2024-10-06,LOC0141
CUST01249,Rahul Iyer,Loyal,2025-01-16,LOC0086
CUST01250,Vikram Rao,Regular,2022-08-24,LOC0026
CUST01251,Kavya Mehta,New,2025-01-18,LOC0032
CUST01252,Pooja Bhat,New,2022-08-01,LOC0136
CUST01253,Rajesh Kumar,Loyal,2022-12-27,LOC0026
CUST01254,Neha Joshi,Loyal,2022-12-18,LOC0089
CUST01255,Anita Gowda,Regular,2024-08-22,LOC0104
CUST01256,Vikram Singh,Regular,2024-11-30,LOC0132
CUST01257,Vikram Reddy,New,2024-01-24,LOC0069
CUST01258,Sneha Rao,Regular,2023-10-04,LOC0108
CUST01259,Neha Pillai,Regular,2024-09-28,LOC0120
CUST01260,Siddharth Chawla,New,2024-11-29,LOC0059
CUST01261,Rohan Kumar,Loyal,2024-08-04,LOC0081
CUST01262,Rohan Iyer,New,2025-04-25,LOC0024
CUST01263,Ananya Iyer,Loyal,2024-02-26,LOC0127
CUST01264,Aarav Chawla,Regular,2023-06-24,LOC0035
CUST01265,Suresh Gowda,New,2022-05-16,LOC0104
CUST01266,Arjun Sharma,Regular,2023-03-12,LOC0137
CUST01267,Kavya Banerjee,Regular,2023-10-01,LOC0011
CUST01268,Neha Banerjee,Regular,2023-03-06,LOC0020
CUST01269,Vikram Banerjee,Regular,2025-03-06,LOC0014
CUST01270,Aditya Nair,New,2025-03-13,LOC0029
CUST01271,Kavya Gowda,Regular,2023-08-26,LOC0077
CUST01272,Siddharth Gupta,Regular,2025-01-24,LOC0146
CUST01273, Pooja Banerjee ,Loyal,2025-07-28,LOC0119
CUST01274,Meera Verma,New,2022-07-09,LOC0118
CUST01275,Sneha Patel,Regular,2023-12-23,LOC0048
CUST01276,Aarav Patel,New,2023-10-11,LOC0051
CUST01277,Suresh Reddy,New,2022-10-09,LOC0125
CUST01278,Siddharth Rao,New,2023-06-14,LOC0096
CUST01279,Divya Nair,New,2024-07-11,LOC0069
CUST01280,Karthik Pillai,Regular,2023-03-03,LOC0091
CUST01281,Aarav Das,New,2022-07-25,LOC0029
CUST01282,Ananya Reddy,Loyal,2023-08-18,LOC0085
CUST01283,Neha Gupta,New,2025-01-07,LOC0069
CUST01284,Meera Gowda,New,2024-07-20,LOC0033
CUST01285,Aditya Banerjee,Premium,2022-10-28,LOC0029
CUST01286,Aarav Reddy,New,2023-10-01,LOC0129
CUST01287,Kavya Verma,Regular,2024-05-17,LOC0088
CUST01288,Deepika Sharma,New,2023-09-27,LOC0075
CUST01289,Rohan Chawla,Regular,2024-05-21,LOC0040
CUST01290,Neha Rao,Loyal,2024-10-04,LOC0030
CUST01291,Kavya Chawla,Regular,2024-01-20,LOC0027
CUST01292,Suresh Menon,New,2023-04-12,LOC0039
CUST01293,Vikram Mehta,Loyal,2023-09-19,LOC0050
CUST01294,Divya Sharma,Loyal,2022-09-12,LOC0024
CUST01295,Aditya Chawla,New,2023-02-15,LOC0060
CUST01296,Divya Deshmukh,Regular,2024-05-06,LOC0110
CUST01297,Pooja Patel,Premium,2023-08-24,LOC0072
CUST01298,Divya Rao,New,2025-01-23,LOC0013
CUST01299,Aarav Verma,New,2024-02-29,LOC0083
CUST01300,Meera Singh,New,2022-06-08,LOC0111
CUST01301,Meera Das,New,2023-05-21,LOC0029
CUST01302,Aarav Gowda,Regular,2023-10-01,LOC0093
CUST01303,Sneha Bhat,New,2023-12-16,LOC0096
CUST01304,Siddharth Gupta,Loyal,2023-04-05,LOC0023
CUST01305,Vikram Menon,New,2022-12-13,LOC0049
CUST01306,Karthik Patel,Regular,2025-07-15,LOC0140
CUST01307,Pooja Deshmukh,New,2024-03-19,LOC0040
CUST01308,Arjun Chawla,Loyal,2024-03-23,LOC0065
CUST01309,Anita Das,Loyal,2023-09-30,LOC0031
CUST01310,Rohan Deshmukh,Loyal,2023-11-19,LOC0129
CUST01311,Neha Menon,New,2024-07-27,LOC0034
CUST01312,Rajesh Verma,Regular,2022-07-24,LOC0102
CUST01313,Anita Banerjee,Loyal,2023-05-12,LOC0113
CUST01314,Aditya Gowda,New,2023-07-31,LOC0070
CUST01315,Aarav Nair,Loyal,2022-10-24,LOC0003
CUST01316,Suresh Pillai,New,2024-04-12,LOC0135
CUST01317,Kavya Kumar,New,2022-10-05,LOC0142
CUST01318,Kavya Verma,New,2022-12-02,LOC0075
CUST01319,Vikram Singh,Regular,2023-07-28,LOC0014
CUST01320,Kavya Gupta,Regular,2022-07-30,LOC0001
CUST01321,Deepika Das,New,2022-10-12,LOC0141
CUST01322,Vikram Chawla,Premium,2022-12-20,LOC0084
CUST01323,Aarav Das,New,2024-09-28,LOC0072
CUST01324,Aarav Gowda,New,2024-07-06,LOC0150
CUST01325,Aditya Singh,New,2023-11-26,LOC0142
CUST01326,Karthik Rao,Regular,2023-04-20,LOC0053
CUST01327,Aditya Reddy,Regular,2023-01-10,LOC0112
CUST01328,Meera Iyer,New,2022-10-25,LOC0118
CUST01329,Neha Gupta,Regular,2023-07-31,LOC0047
CUST01330,Aarav Kumar,Loyal,2025-04-03,LOC0046
CUST01331,Deepika Gupta,Regular,2023-04-22,LOC0019
CUST01332,Karthik Mehta,New,2024-11-21,LOC0135
CUST01333,Aarav Menon,New,2023-12-02,LOC0099
CUST01334,Aarav Verma,New,2023-07-07,LOC0022
CUST01335,Deepika Sharma,Regular,2025-09-03,LOC0028
CUST01336,Rahul Iyer,Loyal,2023-02-09,LOC0123
CUST01337,Karthik Nair,New,2023-07-02,LOC0123
CUST01338,Ananya Gowda,New,2022-10-12,LOC0140
CUST01339,Ananya Patel,Regular,2023-01-26,LOC0027
CUST01340,Divya Reddy,New,2025-07-23,LOC0058
CUST01341,Divya Mehta,New,2023-10-14,LOC0074
CUST01342,Aditya Patel,New,2022-10-15,LOC0029
CUST01343,Pooja Das,New,2024-08-14,LOC0086
CUST01344,Rohan Verma,Regular,2022-07-30,LOC0046
CUST01345,Rahul Menon,New,2024-08-26,LOC0109
CUST01346,Pooja Menon,New,2023-07-30,LOC0027
CUST01347,Meera Das,Loyal,2024-11-26,LOC0020
CUST01348,Vikram Reddy,Regular,2022-12-20,LOC0100
CUST01349,Meera Iyer,Premium,2024-06-18,LOC0110
CUST01350,Siddharth Reddy,New,2023-10-12,LOC0033
CUST01351,Aditya Das,Regular,2023-12-10,LOC0109
CUST01352,Divya Menon,Loyal,2023-01-17,LOC0036
CUST01353,Kavya Mehta,Regular,2023-12-15,LOC0128
CUST01354,Meera Gowda,Regular,2024-07-21,LOC0059
CUST01355,Rajesh Chawla,Regular,2023-11-19,LOC0057
CUST01356,Kavya Das,Regular,2023-07-27,LOC0005
CUST01357,Meera Reddy,Regular,2023-01-06,LOC0090
CUST01358,Vikram Kumar,Premium,2022-10-05,LOC0142
CUST01359,Divya Rao,New,2025-01-10,LOC0058
CUST01360,Vikram Patel,Regular,2023-12-31,LOC0037
CUST01361,Aarav Chawla,Regular,2022-08-19,LOC0028
CUST01362,Rohan Deshmukh,New,2024-08-10,LOC0041
CUST01363,Sneha Reddy,New,2023-07-30,LOC0020
CUST01364,Divya Reddy,Regular,2024-01-24,LOC0036
CUST01365,Pooja Deshmukh,Regular,2024-06-13,LOC0087
CUST01366,Aarav Kumar,Loyal,2023-04-14,LOC0016
CUST01367,Ananya Menon,New,2024-03-03,LOC0042
CUST01368,Divya Pillai,Loyal,2024-03-21,LOC0067
CUST01369,Suresh Kumar,Premium,2022-08-23,LOC0109
CUST01370,Siddharth Iyer,Regular,2023-04-30,LOC0033
CUST01371,Aditya Menon,New,2023-07-16,LOC0101
CUST01372,Anita Menon,Regular,2025-03-08,LOC0120
CUST01373,Aditya Mehta,Regular,2022-12-03,LOC0096
CUST01374,Arjun Singh,Regular,2023-02-21,LOC0020
CUST01375,Rahul Sharma,Regular,2023-06-16,LOC0042
CUST01376,Rohan Gupta,New,2022-03-13,LOC0080
CUST01377,Arjun Verma,Premium,2023-06-02,LOC0022
CUST01378,Rajesh Verma,New,2024-06-05,LOC0124
CUST01379,Rahul Iyer,Loyal,2022-08-04,LOC0092
CUST01380,Aditya Banerjee,Regular,2023-08-12,LOC0101
CUST01381,Vikram Patel,New,2023-09-06,LOC0129
CUST01382,Vikram Sharma,Regular,2024-05-30,LOC0098
CUST01383,Ananya Kumar,New,2023-03-15,LOC0119
CUST01384,Rohan Rao,Loyal,2024-12-17,LOC0037
CUST01385,Neha Banerjee,Premium,2024-04-27,LOC0134
CUST01386,Rahul Pillai,Regular,2023-10-08,LOC0075
CUST01387,Divya Verma,New,2024-03-04,LOC0100
CUST01388,Deepika Menon,Regular,2025-08-01,LOC0040
CUST01389,Meera Patel,Regular,2023-05-20,LOC0080
CUST01390,Rohan Deshmukh,New,2024-02-22,LOC0081
CUST01391,Pooja Nair,Regular,2023-09-10,LOC0148
CUST01392,Rohan Iyer,New,2024-09-28,LOC0118
CUST01393,Meera Singh,Premium,2024-03-15,LOC0036
CUST01394,Rajesh Deshmukh,Regular,2023-12-19,LOC0074
CUST01395,Deepika Reddy,Loyal,2023-05-31,LOC0132
CUST01396,Rahul Das,Regular,2024-10-18,LOC0106
CUST01397,Siddharth Verma,Regular,2024-11-14,LOC0015
CUST01398,Kavya Gowda,New,2023-06-04,LOC0027
CUST01399,Neha Bhat,New,2024-11-01,LOC0019
CUST01400,Karthik Iyer,Regular,2023-10-27,LOC0120
CUST01401,Karthik Patel,Loyal,2023-05-22,LOC0028
CUST01402,Aditya Chawla,New,2023-11-06,LOC0085
CUST01403,Rahul Menon,New,2022-12-01,LOC0122
CUST01404,Karthik Verma,New,2022-09-03,LOC0121
CUST01405,Arjun Joshi,New,2022-04-18,LOC0098
CUST01406,Sneha Chawla,New,2022-12-08,LOC0014
CUST01407,Aarav Chawla,New,2023-05-01,LOC0046
CUST01408,Rohan Singh,Loyal,2022-08-30,LOC0077
CUST01409,Karthik Chawla,New,2022-11-13,LOC0067
CUST01410,Ananya Iyer,New,2023-05-12,LOC0077
CUST01411,Sneha Chawla,,2023-08-29,LOC0138
CUST01412,Neha Chawla,Regular,2025-01-23,LOC0147
CUST01413,Aarav Gowda,Regular,2022-09-21,LOC0020
CUST01414,Rajesh Menon,New,2023-09-15,LOC0082
CUST01415,Karthik Reddy,New,2024-09-22,LOC0082
CUST01416,Divya Singh,Premium,2024-04-18,LOC0001
CUST01417,Vikram Pillai,New,2024-10-27,LOC0149
CUST01418,Arjun Gupta,Loyal,2024-05-13,LOC0140
CUST01419,Deepika Mehta,Premium,2023-09-04,LOC0054
CUST01420,Rajesh Sharma,New,2024-10-06,LOC0094
CUST01421,Pooja Banerjee,Regular,2024-10-15,LOC0128
CUST01422,Karthik Chawla,Loyal,2023-05-31,LOC0091
CUST01423,Divya Banerjee,Regular,2022-11-07,LOC0046
CUST01424,Sneha Nair,Regular,2023-11-23,LOC0042
CUST01425,Aditya Kumar,Regular,2024-01-04,LOC0112
CUST01426,Deepika Patel,New,2025-02-20,LOC0027
CUST01427,Aarav Menon,Regular,2022-09-19,LOC0128
CUST01428,Deepika Gowda,Regular,2024-08-20,LOC0114
CUST01429,Ananya Kumar,Loyal,2023-01-02,LOC0058
CUST01430,Anita Mehta,Premium,2023-05-23,LOC0121
CUST01431,Sneha Pillai,New,2024-12-19,LOC0102
CUST01432,Sneha Rao,Loyal,2023-02-01,LOC0069
CUST01433,Siddharth Kumar,New,2024-04-22,LOC0062
CUST01434,Divya Verma,Loyal,2023-01-20,LOC0040
CUST01435,Suresh Menon,Premium,2023-07-01,LOC0044
CUST01436,Divya Rao,New,2024-12-13,LOC0101
CUST01437,Aditya Verma,Premium,2023-05-25,LOC0033
CUST01438,Aditya Nair,Regular,2024-12-20,LOC0082
CUST01439,Divya Rao,Regular,2024-11-08,LOC0033
CUST01440,Rajesh Mehta,Loyal,2024-09-09,LOC0067
CUST01441,Neha Joshi,New,2022-12-23,LOC0024
CUST01442,Aarav Bhat,Loyal,2022-11-12,LOC0140
CUST01443,Rohan Bhat,Premium,2022-07-15,LOC0034
CUST01444,Sneha Nair,New,2024-06-30,LOC0057
CUST01445,Anita Rao,Regular,2024-08-18,LOC0067
CUST01446,Siddharth Iyer,Regular,2024-07-23,LOC0006
CUST01447,Rajesh Patel,New,2024-02-19,LOC0032
CUST01448,Pooja Singh,Regular,2023-01-04,LOC0020
CUST01449,Sneha Gupta,Loyal,2022-09-26,LOC0126
CUST01450,Divya Iyer,New,2025-01-03,LOC0020
CUST01451,Divya Mehta,Loyal,2024-05-03,LOC0116
CUST01452,Neha Kumar,Regular,2025-07-09,LOC0046
CUST01453,Deepika Verma,Premium,2025-07-28,LOC0088
CUST01454,Meera Menon,New,2023-09-10,LOC0002
CUST01455,Siddharth Patel,Regular,2024-06-06,LOC0008
CUST01456,Suresh Banerjee,New,2023-05-24,LOC0094
CUST01457,Arjun Sharma,New,2022-12-06,LOC0057
CUST01458,Vikram Singh,Premium,2023-12-20,LOC0052
CUST01459,Sneha Gowda,Regular,2022-11-30,LOC0120
CUST01460,Meera Chawla,Loyal,2024-12-08,LOC0103
CUST01461,Siddharth Nair,Premium,2024-08-25,LOC0072
CUST01462,Priya Bhat,Loyal,2023-01-20,LOC0043
CUST01463,Meera Chawla,Loyal,2023-07-25,LOC0070
CUST01464,Deepika Patel,New,2023-03-24,LOC0110
CUST01465,Sneha Das,Regular,2024-05-31,LOC0017
CUST01466,Ananya Banerjee,New,2024-04-16,LOC0105
CUST01467,Suresh Das,New,2022-07-12,LOC0030
CUST01468,Rahul Chawla,New,2023-09-29,LOC0063
CUST01469,Sneha Das,New,2024-12-25,LOC0081
CUST01470,Rahul Sharma,Regular,2023-02-20,LOC0120
CUST01471,Rahul Rao,New,2022-05-26,LOC0099
CUST01472,Arjun Banerjee,New,2022-12-26,LOC0144
CUST01473,Deepika Iyer,Regular,2024-09-13,LOC0108
CUST01474,Divya Joshi,New,2023-02-09,LOC0051
CUST01475,Meera Deshmukh,New,2023-09-16,LOC0108
CUST01476,Karthik Nair,New,2023-01-28,LOC0099
CUST01477,Aarav Kumar,Premium,2024-10-12,LOC0148
CUST01478,Karthik Kumar,New,2025-03-05,LOC0104
CUST01479,Anita Banerjee,New,2023-11-22,LOC0005
CUST01480,Priya Chawla,Loyal,2023-05-08,LOC0082
CUST01481,Aditya Iyer,Regular,2024-05-24,LOC0081
CUST01482,Ananya Mehta,Regular,2024-07-15,LOC0117
CUST01483,Priya Das,New,2022-06-04,LOC0008
CUST01484,Aarav Reddy,New,2023-10-05,LOC0112
CUST01485,Rohan Gupta,Premium,2024-10-09,LOC0138
CUST01486,Ananya Singh,Premium,2023-04-02,LOC0013
CUST01487,Rohan Singh,New,2024-06-20,LOC0098
CUST01488,Neha Reddy,New,2023-06-23,LOC0031
CUST01489, Vikram Bhat ,Regular,2024-03-17,LOC0115
CUST01490,Suresh Banerjee,Regular,2024-04-13,LOC0123
CUST01491,Siddharth Joshi,New,2022-12-16,LOC0024
CUST01492,Pooja Iyer,Regular,2024-01-27,LOC0063
CUST01493,Arjun Iyer,New,2025-08-15,LOC0127
CUST01494,Aarav Gupta,New,2024-08-22,LOC0099
CUST01495,Priya Joshi,Regular,2024-12-28,LOC0136
CUST01496,Rahul Kumar,Loyal,2023-04-13,LOC0040
CUST01497,Priya Reddy,Regular,2025-04-06,LOC0094
CUST01498,Karthik Menon,New,2022-11-07,LOC0103
CUST01499,Siddharth Chawla,Premium,2024-09-10,LOC0079
CUST01500,Rajesh Patel,Regular,2024-02-02,LOC0028
CUST01501,Kavya Sharma,New,2022-11-18,LOC0069
CUST01502,Suresh Pillai,Loyal,2023-04-02,LOC0031
CUST01503,Rohan Das,Regular,2022-12-29,LOC0039
CUST01504,Divya Banerjee,New,2022-09-07,LOC0113
CUST01505,Priya Verma,New,2023-03-01,LOC0109
CUST01506,Arjun Mehta,Regular,2024-06-02,LOC0071
CUST01507,Meera Banerjee,Regular,2022-09-13,LOC0013
CUST01508,Priya Rao,Regular,2022-12-28,LOC0010
CUST01509,Kavya Iyer,New,2022-07-16,LOC0071
CUST01510,Deepika Mehta,New,2023-07-22,LOC0026
CUST01511,Siddharth Deshmukh,New,2023-03-12,LOC0053
CUST01512,Pooja Menon,New,2024-08-27,LOC0001
CUST01513,Suresh Menon,Loyal,2024-05-27,LOC0079
CUST01514,Kavya Nair,New,2024-06-20,LOC0018
CUST01515,Rahul Pillai,Regular,2025-07-02,LOC0004
CUST01516,Divya Joshi,Loyal,2023-06-21,LOC0068
CUST01517,Neha Sharma,Regular,2023-02-26,LOC0122
CUST01518,Meera Rao,Loyal,2022-08-25,LOC0012
CUST01519,Rajesh Kumar,New,2024-02-26,LOC0129
CUST01520,Vikram Patel,Regular,2023-09-18,LOC0086
CUST01521,Sneha Gowda,New,2024-07-02,LOC0125
CUST01522, Karthik Sharma ,Loyal,2023-05-09,LOC0086
CUST01523,Deepika Deshmukh,Regular,2023-08-08,LOC0133
CUST01524,Aarav Reddy,Regular,2024-10-28,LOC0057
CUST01525,Vikram Das,Regular,2022-05-23,LOC0063
CUST01526,Divya Das,New,2024-10-19,LOC0023
CUST01527,Aditya Patel,Loyal,2025-01-28,LOC0140
CUST01528,Karthik Banerjee,Loyal,2023-07-02,LOC0090
CUST01529,Aditya Bhat,New,2025-01-24,LOC0071
CUST01530,Ananya Bhat,Loyal,2024-03-28,LOC0088
CUST01531,Priya Chawla,New,2023-12-15,LOC0089
CUST01532,Aarav Deshmukh,Regular,2022-06-15,LOC0120
CUST01533,Suresh Kumar,New,2023-09-10,LOC0042
CUST01534,Pooja Iyer,New,2022-08-19,LOC0117
CUST01535,Pooja Bhat,New,2022-12-23,LOC0126
CUST01536,Divya Das,New,2024-05-31,LOC0001
CUST01537,Vikram Das,Regular,2024-10-21,LOC0129
CUST01538,Anita Reddy,New,2024-11-17,LOC0070
CUST01539,Arjun Chawla,New,2024-10-03,LOC0021
CUST01540,Ananya Deshmukh,Regular,2023-03-15,LOC0099
CUST01541,Priya Singh,New,2024-04-02,LOC0080
CUST01542,Divya Joshi,New,2022-07-31,LOC0052
CUST01543,Divya Gowda,New,2023-07-26,LOC0079
CUST01544,Rajesh Pillai,Loyal,2022-10-01,LOC0097
CUST01545,Divya Patel,Regular,2024-04-14,LOC0114
CUST01546,Suresh Das,Regular,2023-05-04,LOC0110
CUST01547,Divya Pillai,New,2025-07-09,LOC0144
CUST01548,Divya Iyer,Loyal,2024-07-12,LOC0078
CUST01549,Rajesh Banerjee,Loyal,2022-11-01,LOC0140
CUST01550,Pooja Verma,Regular,2022-10-20,LOC0104
CUST01551,Karthik Banerjee,New,2024-09-16,LOC0014
CUST01552,Siddharth Patel,Loyal,2024-03-14,LOC0025
CUST01553,Rajesh Deshmukh,New,2022-12-18,LOC0016
CUST01554,Rajesh Banerjee,Regular,2024-11-22,LOC0053
CUST01555,Anita Deshmukh,New,2023-06-09,LOC0040
CUST01556,Pooja Sharma,New,2024-01-26,LOC0052
CUST01557,Aarav Reddy,Regular,2024-08-15,LOC0031
CUST01558,Kavya Gupta,Loyal,2024-03-08,LOC0007
CUST01559,Karthik Mehta,New,2025-07-09,LOC0032
CUST01560,Meera Nair,New,2025-01-11,LOC0140
CUST01561,Deepika Pillai,Regular,2023-10-23,LOC0032
CUST01562,Aarav Nair,New,2025-02-05,LOC0062
CUST01563,Anita Gupta,New,2023-09-06,LOC0075
CUST01564,Priya Bhat,Regular,2023-05-05,LOC0071
CUST01565,Priya Pillai,New,2024-09-12,LOC0109
CUST01566,Pooja Pillai,New,2024-05-31,LOC0100
CUST01567,Pooja Verma,New,2023-12-03,LOC0114
CUST01568,Sneha Reddy,New,2024-10-26,LOC0118
CUST01569,Neha Das,New,2024-09-12,LOC0129
CUST01570,Suresh Mehta,Regular,2022-06-17,LOC0045
CUST01571,Sneha Bhat,New,2023-10-25,LOC0036
CUST01572,Pooja Mehta,Regular,2025-06-23,LOC0124
CUST01573,Meera Menon,Regular,2022-08-01,LOC0148
CUST01574,Suresh Banerjee,Regular,2023-01-01,LOC0083
CUST01575,Rajesh Das,New,2023-11-30,LOC0104
CUST01576,Aarav Nair,Regular,2022-12-12,LOC0028
CUST01577,Meera Joshi,New,2024-11-03,LOC0061
CUST01578,Neha Mehta,New,2024-12-30,LOC0017
CUST01579,Siddharth Patel,Regular,2025-04-28,LOC0019
CUST01580,Sneha Menon,Loyal,2024-06-21,LOC0008
CUST01581,Rahul Patel,New,2023-04-14,LOC0097
CUST01582,Rajesh Gowda,Regular,2023-04-09,LOC0065
CUST01583,Pooja Rao,Regular,2024-10-18,LOC0042
CUST01584,Suresh Gupta,Regular,2024-07-06,LOC0007
CUST01585,Priya Gupta,Loyal,2025-03-23,LOC0036
CUST01586,Sneha Chawla,New,2023-09-27,LOC0019
CUST01587,Suresh Deshmukh,Regular,2025-01-25,LOC0054
CUST01588,Meera Banerjee,Loyal,2023-07-05,LOC0144
CUST01589,Rohan Pillai,Loyal,2024-02-27,LOC0097
CUST01590,Rajesh Iyer,New,2025-01-06,LOC0133
CUST01591,Priya Deshmukh,New,2022-10-27,LOC0139
CUST01592,Kavya Kumar,New,2023-09-29,LOC0092
CUST01593,Neha Kumar,New,2024-05-24,LOC0148
CUST01594,Suresh Menon,Regular,2023-03-05,LOC0103
CUST01595,Anita Patel,Regular,2023-07-04,LOC0068
CUST01596,Ananya Joshi,New,2023-02-22,LOC0052
CUST01597,Ananya Reddy,Loyal,2024-04-01,LOC0085
CUST01598,Ananya Rao,Loyal,2022-07-07,LOC0145
CUST01599,Ananya Das,Regular,2025-07-25,LOC0107
CUST01600,Deepika Iyer,New,2023-07-28,LOC0034
CUST01601,Ananya Patel,New,2024-05-05,LOC0130
CUST01602,Sneha Chawla,New,2023-03-08,LOC0059
CUST01603,Ananya Sharma,Regular,2024-03-23,LOC0098
CUST01604,Aarav Gowda,Loyal,2022-06-22,LOC0100
CUST01605,Vikram Chawla,New,2023-03-20,LOC0141
CUST01606,Karthik Patel,Regular,2024-09-02,LOC0095
CUST01607,Rahul Chawla,New,2023-08-03,LOC0060
CUST01608,Aarav Rao,Regular,2024-07-08,LOC0138
CUST01609,Aarav Rao,New,2023-02-19,LOC0015
CUST01610,Neha Kumar,Regular,2023-10-27,LOC0090
CUST01611,Kavya Kumar,Regular,2024-07-08,LOC0102
CUST01612,Priya Iyer,New,2023-08-06,LOC0140
CUST01613,Sneha Rao,Premium,2024-05-18,LOC0078
CUST01614,Anita Kumar,Loyal,2022-10-09,LOC0135
CUST01615,Rahul Gowda,New,2022-08-03,LOC0014
CUST01616,Divya Menon,New,2023-02-08,LOC0021
CUST01617,Vikram Banerjee,New,2023-07-14,LOC0142
CUST01618,Sneha Reddy,Regular,2023-08-11,LOC0113
CUST01619,Karthik Patel,New,2024-05-15,LOC0009
CUST01620,Rajesh Mehta,New,2024-11-25,LOC0022
CUST01621,Deepika Mehta,Regular,2022-05-12,LOC0098
CUST01622,Ananya Rao,Regular,2023-10-11,LOC0048
CUST01623,Anita Verma,Regular,2022-12-06,LOC0009
CUST01624,Sneha Sharma,Loyal,2024-04-06,LOC0087
CUST01625,Siddharth Bhat,New,2024-10-27,LOC0008
CUST01626,Deepika Chawla,Loyal,2024-08-06,LOC0015
CUST01627,Anita Mehta,Regular,2022-11-09,LOC0137
CUST01628,Rajesh Bhat,Premium,2023-01-02,LOC0042
CUST01629,Karthik Rao,New,2025-05-12,LOC0004
CUST01630,Siddharth Iyer,New,2024-10-24,LOC0139
CUST01631,Rajesh Mehta,Regular,2024-09-03,LOC0071
CUST01632,Siddharth Menon,Regular,2023-05-02,LOC0079
CUST01633,Rahul Singh,New,2023-12-30,LOC0119
CUST01634,Aarav Pillai,Regular,2025-08-29,LOC0092
CUST01635,Anita Gupta,Premium,2022-08-04,LOC0149
CUST01636,Siddharth Menon,Regular,2023-02-09,LOC0017
CUST01637,Siddharth Singh,New,2025-01-27,LOC0127
CUST01638,Neha Reddy,New,2023-12-22,LOC0013
CUST01639,Ananya Nair,Regular,2023-06-18,LOC0113
CUST01640,Ananya Gowda,Premium,2022-11-08,LOC0067
CUST01641,Aarav Das,Regular,2024-04-04,LOC0012
CUST01642,Sneha Patel,New,2024-04-25,LOC0114
CUST01643, Rohan Rao ,Regular,2023-08-18,LOC0147
CUST01644,Divya Iyer,New,2023-04-19,LOC0073
CUST01645,Rahul Menon,Loyal,2023-06-09,LOC0105
CUST01646,Sneha Deshmukh,New,2024-05-01,LOC0008
CUST01647,Ananya Kumar,New,2025-05-07,LOC0007
CUST01648,Arjun Joshi,Loyal,2024-04-16,LOC0131
CUST01649,Sneha Gupta,New,2024-10-19,LOC0150
CUST01650,Vikram Mehta,Premium,2022-04-24,LOC0020
CUST01651,Kavya Bhat,Regular,2023-11-28,LOC0141
CUST01652,Anita Patel,Regular,2024-07-01,LOC0014
CUST01653,Suresh Banerjee,New,2023-04-10,LOC0069
CUST01654,Rajesh Kumar,Loyal,2023-08-01,LOC0063
CUST01655,Sneha Rao,Regular,2023-03-31,LOC0030
CUST01656,Karthik Chawla,Regular,2022-09-19,LOC0091
CUST01657,Rohan Das,Regular,2023-06-11,LOC0059
CUST01658,Divya Rao,Loyal,2024-07-10,LOC0033
CUST01659,Kavya Chawla,Regular,2023-09-11,LOC0036
CUST01660,Pooja Joshi,Regular,2022-11-22,LOC0021
CUST01661,Suresh Reddy,Loyal,2023-08-01,LOC0051
CUST01662,Karthik Sharma,New,2023-02-08,LOC0108
CUST01663,Anita Deshmukh,Loyal,2023-03-20,LOC0009
CUST01664,Aarav Nair,Loyal,2023-04-09,LOC0132
CUST01665,Aditya Chawla,Regular,2022-11-11,LOC0103
CUST01666,Kavya Kumar,Regular,2023-10-12,LOC0087
CUST01667,Deepika Patel,Premium,2023-02-22,LOC0091
CUST01668,Divya Pillai,Regular,2023-03-15,LOC0123
CUST01669,Neha Bhat,Loyal,2022-07-10,LOC0039
CUST01670,Rajesh Bhat,Regular,2024-05-16,LOC0117
CUST01671,Karthik Nair,Premium,2024-04-24,LOC0072
CUST01672,Priya Rao,New,2023-12-20,LOC0088
CUST01673,Suresh Banerjee,New,2023-08-13,LOC0110
CUST01674,Aditya Joshi,New,2025-06-04,LOC0037
CUST01675,Arjun Chawla,Loyal,2023-01-20,LOC0148
CUST01676,Rahul Patel,New,2023-04-25,LOC0043
CUST01677,Siddharth Deshmukh,New,2023-01-06,LOC0044
CUST01678,Siddharth Menon,Regular,2025-06-11,LOC0060
CUST01679,Vikram Patel,Loyal,2024-04-05,LOC0131
CUST01680,Aarav Menon,Regular,2025-08-20,LOC0139
CUST01681,Arjun Sharma,Regular,2024-08-25,LOC0007
CUST01682,Pooja Bhat,Regular,2024-06-15,LOC0114
CUST01683,Karthik Kumar,Regular,2024-11-08,LOC0031
CUST01684,Divya Deshmukh,Premium,2022-11-16,LOC0036
CUST01685,Priya Das,Regular,2024-12-23,LOC0057
CUST01686,Rahul Nair,Regular,2023-03-26,LOC0071
CUST01687,Suresh Iyer,Loyal,2023-12-10,LOC0081
CUST01688,Ananya Chawla,New,2025-06-22,LOC0134
CUST01689,Anita Verma,New,2023-11-15,LOC0003
CUST01690,Rajesh Mehta,New,2024-07-31,LOC0051
CUST01691,Vikram Deshmukh,New,2024-10-18,LOC0128
CUST01692,Arjun Iyer,New,2024-09-05,LOC0055
CUST01693,Rohan Deshmukh,Regular,2023-12-07,LOC0054
CUST01694,Ananya Chawla,Regular,2022-10-10,LOC0098
CUST01695,Kavya Das,Loyal,2023-10-24,LOC0047
CUST01696,Kavya Kumar,Loyal,2023-06-04,LOC0126
CUST01697,Aditya Menon,New,2024-01-10,LOC0124
CUST01698,Kavya Patel,New,2023-10-10,LOC0115
CUST01699,Divya Patel,Regular,2024-01-21,LOC0082
CUST01700,Sneha Mehta,Loyal,2022-05-17,LOC0124
CUST01701,Meera Menon,New,2024-05-08,LOC0061
CUST01702,Siddharth Banerjee,New,2025-03-12,LOC0105
CUST01703,Rahul Singh,Regular,2022-12-12,LOC0106
CUST01704,Karthik Chawla,New,2023-03-04,LOC0014
CUST01705,Kavya Joshi,New,2024-05-28,LOC0012
CUST01706,Divya Rao,Regular,2024-08-26,LOC0043
CUST01707,Priya Menon,Regular,2023-01-26,LOC0034
CUST01708,Aarav Sharma,Loyal,2022-09-21,LOC0086
CUST01709,Anita Iyer,New,2022-03-22,LOC0133
CUST01710,Anita Gupta,Regular,2025-02-17,LOC0138
CUST01711,Kavya Kumar,New,2025-04-30,LOC0096
CUST01712,Arjun Gowda,New,2025-04-15,LOC0004
CUST01713,Aarav Banerjee,Loyal,2024-04-06,LOC0102
CUST01714,Ananya Nair,New,2023-06-14,LOC0007
CUST01715,Kavya Verma,Loyal,2024-09-20,LOC0032
CUST01716,Aditya Mehta,Loyal,2025-02-09,LOC0070
CUST01717,Rohan Iyer,New,2024-04-26,LOC0107
CUST01718,Anita Menon,New,2023-01-21,LOC0101
CUST01719,Deepika Kumar,Regular,2023-09-28,LOC0132
CUST01720,Pooja Singh,New,2022-12-05,LOC0026
CUST01721,Rajesh Deshmukh,New,2023-04-17,LOC0110
CUST01722,Divya Gowda,Loyal,2023-12-19,LOC0073
CUST01723,Anita Banerjee,Premium,2023-09-24,LOC0005
CUST01724,Aditya Das,Regular,2024-03-28,LOC0028
CUST01725,Rajesh Sharma,Regular,2024-08-09,LOC0060
CUST01726,Meera Bhat,New,2024-08-26,LOC0080
CUST01727,Rohan Patel,Loyal,2022-09-09,LOC0054
CUST01728,Meera Bhat,Regular,2022-11-20,LOC0037
CUST01729,Meera Banerjee,New,2024-05-03,LOC0060
CUST01730,Meera Singh,Loyal,2023-04-19,LOC0087
CUST01731,Ananya Joshi,Loyal,2023-08-15,LOC0105
CUST01732,Siddharth Gupta,Regular,2024-06-10,LOC0126
CUST01733,Rahul Rao,Regular,2023-11-05,LOC0124
CUST01734,Rohan Patel,Regular,2024-05-14,LOC0020
CUST01735,Aarav Nair,New,2024-05-15,LOC0032
CUST01736,Karthik Patel,Regular,2025-06-06,LOC0109
CUST01737,Suresh Deshmukh,Regular,2024-11-26,LOC0141
CUST01738,Aarav Kumar,Regular,2024-01-21,LOC0076
CUST01739,Siddharth Banerjee,Regular,2024-04-09,LOC0096
CUST01740,Neha Reddy,Loyal,2024-01-23,LOC0053
CUST01741,Sneha Banerjee,Regular,2022-11-10,LOC0121
CUST01742,Rahul Reddy,New,2024-03-28,LOC0122
CUST01743,Divya Nair,Premium,2024-02-10,LOC0018
CUST01744,Aarav Kumar,Regular,2022-07-18,LOC0052
CUST01745,Anita Pillai,Regular,2022-10-20,LOC0016
CUST01746,Deepika Nair,Loyal,2023-11-21,LOC0144
CUST01747,Sneha Sharma,Loyal,2023-07-03,LOC0073
CUST01748,Divya Bhat,Premium,2023-08-09,LOC0104
CUST01749,Anita Gowda,New,2023-12-14,LOC0052
CUST01750,Vikram Patel,New,2023-06-26,LOC0046
CUST01751,Priya Reddy,New,2023-12-01,LOC0099
CUST01752,Rajesh Menon,New,2025-04-28,LOC0122
CUST01753,Aarav Rao,New,2022-12-15,LOC0038
CUST01754,Meera Sharma,New,2022-10-07,LOC0014
CUST01755,Karthik Chawla,New,2023-05-24,LOC0084
CUST01756,Priya Rao,Loyal,2023-04-27,LOC0097
CUST01757,Meera Das,New,2024-11-30,LOC0134
CUST01758,Rohan Menon,Premium,2025-05-19,LOC0043
CUST01759,Siddharth Reddy,Regular,2023-12-17,LOC0114
CUST01760,Siddharth Patel,Regular,2024-09-28,LOC0112
CUST01761,Neha Sharma,Loyal,2024-11-19,LOC0120
CUST01762,Sneha Chawla,Loyal,2024-06-06,LOC0144
CUST01763,Arjun Mehta,New,2022-12-24,LOC0003
CUST01764,Sneha Banerjee,New,2022-09-29,LOC0080
CUST01765,Sneha Singh,Regular,2024-11-17,LOC0004
CUST01766,Ananya Singh,New,2023-06-12,LOC0102
CUST01767,Siddharth Singh,Loyal,2022-04-14,LOC0147
CUST01768,Meera Menon,New,2023-05-23,LOC0126
CUST01769,Anita Patel,Regular,2023-12-26,LOC0008
CUST01770,Vikram Nair,Loyal,2023-01-18,LOC0108
CUST01771,Priya Verma,New,2024-03-01,LOC0016
CUST01772,Anita Singh,New,2024-07-25,LOC0005
CUST01773,Rahul Nair,Regular,2024-03-15,LOC0094
CUST01774,Aditya Chawla,New,2023-12-11,LOC0016
CUST01775,Suresh Reddy,Regular,2022-11-11,LOC0045
CUST01776,Siddharth Menon,Regular,2024-08-27,LOC0130
CUST01777,Aarav Kumar,New,2024-03-10,LOC0090
CUST01778,Karthik Bhat,Premium,2022-04-08,LOC0145
CUST01779,Rohan Patel,New,2023-05-21,LOC0023
CUST01780,Rajesh Sharma,New,2024-12-22,LOC0003
CUST01781,Sneha Pillai,New,2025-05-07,LOC0064
CUST01782,Arjun Reddy,Regular,2022-09-19,LOC0098
CUST01783,Neha Singh,Regular,2024-05-22,LOC0081
CUST01784,Arjun Singh,New,2023-03-21,LOC0076
CUST01785,Karthik Singh,Regular,2024-03-30,LOC0091
CUST01786,Sneha Banerjee,New,2024-09-11,LOC0044
CUST01787,Rajesh Mehta,New,2024-04-16,LOC0146
CUST01788,Divya Das,New,2024-05-15,LOC0074
CUST01789,Suresh Gowda,Loyal,2022-11-17,LOC0132
CUST01790,Siddharth Gupta,Loyal,2023-01-29,LOC0009
CUST01791,Suresh Nair,Regular,2022-09-23,LOC0120
CUST01792,Sneha Bhat,New,2024-04-26,LOC0009
CUST01793,Priya Das,Regular,2023-06-08,LOC0108
CUST01794,Rahul Patel,New,2025-04-20,LOC0092
CUST01795,Karthik Gowda,Regular,2024-11-06,LOC0006
CUST01796,Deepika Pillai,Regular,2023-10-14,LOC0112
CUST01797,Meera Rao,Regular,2024-09-03,LOC0096
CUST01798,Meera Mehta,Loyal,2022-09-11,LOC0060
CUST01799,Suresh Patel,Premium,2023-08-10,LOC0069
CUST01800,Aditya Bhat,New,2023-06-03,LOC0132
CUST01801,Pooja Menon,New,2024-08-31,LOC0135
CUST01802,Rajesh Reddy,Loyal,2024-09-05,LOC0086
CUST01803,Ananya Iyer,Loyal,2024-10-15,LOC0037
CUST01804,Karthik Mehta,Regular,2024-01-23,LOC0001
CUST01805,Arjun Nair,New,2023-06-10,LOC0021
CUST01806,Arjun Chawla,New,2024-11-26,LOC0063
CUST01807,Anita Das,New,2024-05-01,LOC0041
CUST01808,Meera Gowda,Loyal,2023-02-22,LOC0055
CUST01809,Aditya Pillai,Regular,2022-09-10,LOC0025
CUST01810,Rahul Reddy,Loyal,2024-08-10,LOC0084
CUST01811,Divya Menon,New,2023-12-12,LOC0019
CUST01812,Rajesh Sharma,Loyal,2025-03-04,LOC0046
CUST01813,Sneha Das,Regular,2023-12-06,LOC0001
CUST01814,Aditya Iyer,Regular,2022-09-28,LOC0036
CUST01815,Ananya Gupta,New,2023-10-19,LOC0024
CUST01816, Neha Chawla ,Regular,2023-08-03,LOC0080
CUST01817,Meera Verma,New,2025-04-28,LOC0108
CUST01818,Aditya Banerjee,New,2024-02-27,LOC0022
CUST01819,Priya Mehta,New,2023-06-08,LOC0082
CUST01820,Suresh Mehta,Regular,2023-04-25,LOC0003
CUST01821,Aditya Chawla,New,2023-10-11,LOC0109
CUST01822,Priya Menon,Loyal,2023-10-12,LOC0096
CUST01823,Rahul Gowda,Premium,2022-10-21,LOC0046
CUST01824,Anita Mehta,New,2022-04-12,LOC0039
CUST01825,Rajesh Singh,Regular,2024-03-02,LOC0117
CUST01826,Karthik Kumar,Regular,2023-04-15,LOC0126
CUST01827,Ananya Menon,Regular,2023-01-28,LOC0065
CUST01828,Pooja Sharma,New,2022-12-28,LOC0046
CUST01829,Divya Sharma,Regular,2023-04-15,LOC0077
CUST01830,Deepika Patel,Regular,2024-07-21,LOC0010
CUST01831,Aditya Rao,New,2022-12-29,LOC0137
CUST01832,Vikram Deshmukh,New,2024-11-25,LOC0071
CUST01833,Karthik Menon,Regular,2025-03-27,LOC0135
CUST01834,Ananya Iyer,New,2023-08-03,LOC0010
CUST01835,Priya Mehta,New,2024-04-25,LOC0021
CUST01836,Pooja Chawla,Premium,2022-07-02,LOC0048
CUST01837,Siddharth Iyer,Loyal,2025-02-06,LOC0030
CUST01838,Rajesh Singh,Regular,2024-04-20,LOC0132
CUST01839,Kavya Verma,New,2024-02-01,LOC0122
CUST01840,Divya Singh,New,2024-03-20,LOC0048
CUST01841,Ananya Menon,Regular,2024-12-28,LOC0047
CUST01842,Siddharth Sharma,Loyal,2023-01-05,LOC0005
CUST01843,Vikram Singh,New,2023-12-04,LOC0082
CUST01844,Kavya Sharma,New,2022-12-01,LOC0057
CUST01845,Pooja Menon,Regular,2024-01-03,LOC0108
CUST01846,Rahul Gowda,New,2023-10-16,LOC0143
CUST01847,Rahul Joshi,New,2024-10-27,LOC0114
CUST01848,Meera Gupta,Regular,2024-03-18,LOC0044
CUST01849,Siddharth Mehta,Premium,2024-10-22,LOC0147
CUST01850,Meera Gowda,Regular,2022-10-02,LOC0054
CUST01851,Suresh Das,Regular,2023-05-24,LOC0081
CUST01852,Karthik Sharma,New,2024-07-14,LOC0150
CUST01853,Sneha Bhat,Loyal,2023-07-25,LOC0006
CUST01854,Pooja Gowda,Loyal,2022-12-21,LOC0097
CUST01855,Vikram Mehta,New,2024-10-23,LOC0032
CUST01856,Arjun Gupta,New,2024-06-12,LOC0075
CUST01857,Neha Mehta,Loyal,2023-05-18,LOC0091
CUST01858,Divya Menon,Regular,2023-07-05,LOC0093
CUST01859,Rahul Banerjee,New,2023-09-29,LOC0101
CUST01860,Aditya Deshmukh,New,2023-02-26,LOC0116
CUST01861,Neha Mehta,Loyal,2022-08-10,LOC0137
CUST01862,Karthik Nair,Regular,2024-08-03,LOC0026
CUST01863,Divya Chawla,Regular,2022-12-15,LOC0008
CUST01864,Vikram Menon,Regular,2023-07-18,LOC0021
CUST01865,Divya Sharma,New,2024-04-03,LOC0064
CUST01866,Meera Iyer,Regular,2022-07-19,LOC0100
CUST01867,Arjun Nair,New,2023-05-24,LOC0062
CUST01868,Arjun Joshi,Loyal,2023-08-22,LOC0017
CUST01869,Arjun Bhat,Regular,2023-08-23,LOC0063
CUST01870,Karthik Rao,Regular,2025-06-25,LOC0119
CUST01871,Priya Menon,New,2024-12-25,LOC0041
CUST01872,Rohan Sharma,Loyal,2024-11-13,LOC0105
CUST01873,Meera Mehta,Premium,2025-02-04,LOC0107
CUST01874,Anita Patel,Regular,2023-12-19,LOC0137
CUST01875,Karthik Deshmukh,Loyal,2023-09-27,LOC0102
CUST01876,Ananya Das,Regular,2024-06-13,LOC0131
CUST01877,Karthik Chawla,Loyal,2023-02-13,LOC0038
CUST01878,Rajesh Patel,Regular,2023-10-17,LOC0106
CUST01879,Vikram Rao,New,2022-11-30,LOC0068
CUST01880,Rohan Pillai,Loyal,2023-05-21,LOC0063
CUST01881,Rahul Kumar,Loyal,2023-04-14,LOC0085
CUST01882,Siddharth Bhat,Loyal,2024-04-13,LOC0010
CUST01883,Vikram Banerjee,Loyal,2022-09-02,LOC0057
CUST01884,Rajesh Das,Premium,2022-10-26,LOC0079
CUST01885,Neha Bhat,Regular,2022-12-20,LOC0122
CUST01886,Pooja Reddy,Regular,2022-05-22,LOC0038
CUST01887,Aditya Singh,Loyal,2022-09-30,LOC0008
CUST01888,Rajesh Kumar,New,2024-06-07,LOC0004
CUST01889,Suresh Banerjee,Premium,2023-10-09,LOC0044
CUST01890,Vikram Bhat,Regular,2023-03-07,LOC0134
CUST01891,Meera Nair,Regular,2023-08-14,LOC0045
CUST01892,Aditya Sharma,New,2024-09-19,LOC0017
CUST01893,Pooja Gupta,Regular,2023-02-09,LOC0072
CUST01894,Priya Gupta,Regular,2023-11-25,LOC0118
CUST01895,Aarav Banerjee,Regular,2024-10-05,LOC0052
CUST01896,Ananya Mehta,Regular,2022-05-27,LOC0085
CUST01897,Siddharth Gowda,Loyal,2024-08-16,LOC0138
CUST01898,Ananya Pillai,New,2023-09-03,LOC0064
CUST01899,Neha Rao,New,2024-08-13,LOC0117
CUST01900,Deepika Singh,Regular,2023-01-03,LOC0024
CUST01901,Rohan Reddy,New,2023-02-13,LOC0016
CUST01902,Kavya Bhat,New,2023-07-11,LOC0119
CUST01903,Ananya Joshi,Regular,2022-04-26,LOC0051
CUST01904,Karthik Iyer,Regular,2022-11-21,LOC0026
CUST01905,Arjun Menon,New,2023-02-28,LOC0146
CUST01906,Divya Patel,Regular,2024-07-24,LOC0050
CUST01907,Deepika Pillai,Regular,2023-09-15,LOC0105
CUST01908,Meera Nair,Regular,2023-12-18,LOC0124
CUST01909,Pooja Singh,New,2022-12-14,LOC0088
CUST01910,Anita Banerjee,New,2024-04-27,LOC0113
CUST01911,Neha Deshmukh,Regular,2023-11-20,LOC0131
CUST01912,Neha Nair,Regular,2025-01-15,LOC0111
CUST01913,Priya Pillai,Loyal,2024-04-23,LOC0138
CUST01914,Arjun Patel,Regular,2023-04-11,LOC0079
CUST01915,Rahul Banerjee,Loyal,2022-08-18,LOC0077
CUST01916,Arjun Bhat,New,2022-06-29,LOC0083
CUST01917,Aditya Nair,New,2024-06-28,LOC0041
CUST01918,Suresh Deshmukh,Loyal,2023-10-03,LOC0107
CUST01919,Siddharth Rao,Regular,2023-12-16,LOC0078
CUST01920,Pooja Joshi,Regular,2024-10-30,LOC0081
CUST01921,Divya Bhat,New,2024-08-02,LOC0107
CUST01922,Aditya Verma,Premium,2023-06-03,LOC0036
CUST01923,Siddharth Sharma,Regular,2022-08-01,LOC0054
CUST01924,Siddharth Kumar,Regular,2022-07-18,LOC0083
CUST01925,Aditya Joshi,Loyal,2023-10-16,LOC0052
CUST01926,Deepika Banerjee,New,2024-10-13,LOC0071
CUST01927,Kavya Nair,Premium,2024-07-28,LOC0123
CUST01928,Rajesh Deshmukh,Regular,2025-02-15,LOC0100
CUST01929,Meera Rao,New,2024-04-23,LOC0097
CUST01930,Ananya Joshi,Regular,2024-02-14,LOC0095
CUST01931,Pooja Patel,New,2022-09-19,LOC0019
CUST01932,Divya Reddy,Regular,2024-06-10,LOC0077
CUST01933,Anita Iyer,Regular,2023-01-28,LOC0084
CUST01934,Siddharth Gowda,Regular,2024-07-19,LOC0075
CUST01935,Vikram Iyer,Premium,2024-01-06,LOC0081
CUST01936,Sneha Pillai,Regular,2023-03-21,LOC0083
CUST01937,Karthik Das,New,2023-02-03,LOC0067
CUST01938,Aarav Reddy,Regular,2024-08-19,LOC0106
CUST01939,Meera Verma,Regular,2022-06-06,LOC0132
CUST01940,Rajesh Chawla,Loyal,2025-08-24,LOC0130
CUST01941,Rahul Gowda,New,2023-02-08,LOC0148
CUST01942,Rohan Iyer,Loyal,2022-06-20,LOC0143
CUST01943,Anita Nair,Regular,2024-08-27,LOC0023
CUST01944,Karthik Menon,Loyal,2022-08-17,LOC0019
CUST01945,Divya Singh,Regular,2023-08-13,LOC0039
CUST01946,Rohan Nair,Regular,2023-09-16,LOC0087
CUST01947,Divya Sharma,New,2024-01-19,LOC0076
CUST01948,Aditya Sharma,Regular,2023-08-15,LOC0083
CUST01949,Siddharth Rao,Regular,2024-01-27,LOC0084
CUST01950,Arjun Bhat,New,2025-01-03,LOC0148
CUST01951,Vikram Gupta,New,2023-01-29,LOC0026
CUST01952,Deepika Verma,Premium,2024-05-03,LOC0090
CUST01953,Rahul Joshi,New,2024-07-10,LOC0054
CUST01954,Neha Chawla,Loyal,2023-04-11,LOC0056
CUST01955,Aarav Reddy,New,2022-09-24,LOC0097
CUST01956,Arjun Mehta,Regular,2024-03-08,LOC0113
CUST01957,Arjun Mehta,New,2024-06-16,LOC0032
CUST01958,Neha Banerjee,New,2024-03-21,LOC0133
CUST01959,Arjun Patel,Regular,2024-05-23,LOC0092
CUST01960,Rahul Chawla,Loyal,2023-04-29,LOC0024
CUST01961,Sneha Deshmukh,Premium,2024-01-26,LOC0029
CUST01962,Aarav Sharma,Regular,2024-09-20,LOC0108
CUST01963,Priya Das,Loyal,2025-02-23,LOC0080
CUST01964,Divya Kumar,Regular,2024-08-24,LOC0022
CUST01965,Aditya Deshmukh,Regular,2025-08-24,LOC0071
CUST01966,Rahul Verma,New,2025-03-06,LOC0064
CUST01967,Aarav Reddy,Regular,2022-09-17,LOC0036
CUST01968,Ananya Verma,Loyal,2024-05-31,LOC0054
CUST01969,Pooja Das,Regular,2023-04-19,LOC0041
CUST01970,Neha Banerjee,Regular,2024-11-13,LOC0047
CUST01971,Priya Nair,New,2024-05-09,LOC0053
CUST01972,Sneha Singh,Loyal,2023-01-11,LOC0008
CUST01973,Rahul Sharma,Loyal,2022-06-10,LOC0037
CUST01974,Ananya Gowda,New,2024-08-10,LOC0135
CUST01975,Priya Sharma,New,2025-01-10,LOC0058
CUST01976,Rohan Patel,Loyal,2023-08-21,LOC0107
CUST01977,Anita Pillai,New,2025-03-20,LOC0001
CUST01978,Meera Singh,Regular,2023-09-23,LOC0139
CUST01979,Deepika Patel,New,2023-09-18,LOC0147
CUST01980,Kavya Banerjee,New,2025-01-28,LOC0037
CUST01981,Rohan Patel,New,2023-03-25,LOC0027
CUST01982,Siddharth Nair,Regular,2022-12-03,LOC0085
CUST01983,Karthik Bhat,Premium,2023-09-21,LOC0148
CUST01984,Siddharth Reddy,Regular,2023-09-23,LOC0096
CUST01985,Rajesh Verma,Loyal,2024-03-26,LOC0013
CUST01986,Neha Sharma,Loyal,2024-07-30,LOC0009
CUST01987,Kavya Nair,Regular,2023-05-08,LOC0003
CUST01988,Meera Das,Regular,2024-07-01,LOC0148
CUST01989,Arjun Pillai,Regular,2022-11-13,LOC0140
CUST01990,Siddharth Banerjee,New,2023-06-23,LOC0048
CUST01991,Meera Gowda,Regular,2024-03-22,LOC0025
CUST01992,Rahul Banerjee,Regular,2022-10-23,LOC0094
CUST01993,Aarav Gowda,Premium,2023-02-02,LOC0059
CUST01994,Priya Patel,New,2024-03-24,LOC0076
CUST01995,Sneha Kumar,Premium,2023-08-04,LOC0142
CUST01996,Rohan Banerjee,New,2023-11-11,LOC0131
CUST01997,Kavya Sharma,Regular,2024-10-12,LOC0091
CUST01998,Vikram Bhat,Loyal,2023-09-24,LOC0013
CUST01999,Sneha Gowda,New,2024-08-16,LOC0136
CUST02000,Neha Patel,Loyal,2022-07-06,LOC0058
CUST02001,Vikram Gowda,New,2023-05-03,LOC0052
CUST02002,Aditya Kumar,Premium,2024-12-24,LOC0134
CUST02003,Meera Pillai,New,2022-12-07,LOC0077
CUST02004,Siddharth Gowda,Loyal,2022-12-09,LOC0054
CUST02005,Deepika Menon,New,2023-01-27,LOC0106
CUST02006,Meera Nair,Regular,2023-10-04,LOC0041
CUST02007,Aditya Bhat,New,2023-06-05,LOC0090
CUST02008,Siddharth Reddy,Premium,2022-10-14,LOC0150
CUST02009,Vikram Gupta,Loyal,2022-10-11,LOC0071
CUST02010,Aarav Patel,New,2023-02-22,LOC0135
CUST02011,Deepika Deshmukh,New,2024-07-12,LOC0113
CUST02012,Priya Gowda,New,2023-06-03,LOC0040
CUST02013,Rahul Singh,New,2024-01-06,LOC0066
CUST02014,Karthik Chawla,Loyal,2022-08-27,LOC0125
CUST02015,Kavya Banerjee,New,2023-02-08,LOC0093
CUST02016,Meera Chawla,Loyal,2022-07-28,LOC0027
CUST02017,Siddharth Singh,New,2024-06-11,LOC0131
CUST02018,Siddharth Das,Regular,2022-12-03,LOC0026
CUST02019,Meera Rao,Regular,2023-07-27,LOC0057
CUST02020,Siddharth Patel,Regular,2023-05-18,LOC0144
CUST02021,Rajesh Mehta,New,2023-08-10,LOC0098
CUST02022,Priya Bhat,Regular,2024-10-09,LOC0026
CUST02023,Priya Rao,Loyal,2024-02-15,LOC0108
CUST02024,Ananya Das,Loyal,2024-04-21,LOC0113
CUST02025,Rajesh Banerjee,Loyal,2025-08-01,LOC0103
CUST02026,Divya Sharma,New,2024-04-15,LOC0047
CUST02027,Rahul Patel,Loyal,2025-03-04,LOC0106
CUST02028,Karthik Singh,Regular,2024-10-17,LOC0089
CUST02029,Kavya Singh,New,2024-07-28,LOC0013
CUST02030,Siddharth Nair,Regular,2024-04-09,LOC0141
CUST02031,Aditya Das,Loyal,2025-02-15,LOC0128
CUST02032,Rahul Das,New,2023-08-25,LOC0059
CUST02033,Pooja Patel,New,2024-08-31,LOC0104
CUST02034,Meera Nair,Loyal,2023-01-13,LOC0068
CUST02035,Meera Das,Loyal,2024-10-15,LOC0113
CUST02036,Neha Nair,New,2022-08-05,LOC0029
CUST02037,Pooja Banerjee,New,2023-10-27,LOC0144
CUST02038,Anita Gowda,New,2023-11-13,LOC0020
CUST02039,Rohan Menon,New,2023-03-17,LOC0068
CUST02040,Rahul Gowda,Loyal,2023-08-14,LOC0035
CUST02041,Priya Kumar,New,2023-09-27,LOC0022
CUST02042,Kavya Pillai,New,2023-08-20,LOC0141
CUST02043,Siddharth Sharma,New,2022-12-08,LOC0057
CUST02044,Kavya Pillai,New,2024-05-15,LOC0056
CUST02045,Pooja Rao,Loyal,2025-05-18,LOC0124
CUST02046,Divya Gowda,Regular,2023-10-27,LOC0050
CUST02047,Suresh Bhat,Loyal,2024-03-14,LOC0148
CUST02048,Aditya Singh,Loyal,2024-03-30,LOC0094
CUST02049,Siddharth Chawla,New,2023-07-04,LOC0061
CUST02050,Sneha Iyer,Loyal,2022-05-29,LOC0083
CUST02051,Kavya Gowda,Premium,2022-07-20,LOC0025
CUST02052,Suresh Deshmukh,Loyal,2023-02-17,LOC0027
CUST02053,Deepika Rao,Loyal,2024-07-10,LOC0142
CUST02054,Kavya Pillai,Regular,2024-03-27,LOC0014
CUST02055,Karthik Deshmukh,Premium,2023-05-25,LOC0017
CUST02056,Neha Sharma,Regular,2023-06-23,LOC0144
CUST02057,Sneha Deshmukh,Regular,2022-06-05,LOC0017
CUST02058,Rohan Singh,Regular,2022-11-29,LOC0008
CUST02059,Meera Chawla,Premium,2024-02-27,LOC0035
CUST02060,Arjun Pillai,New,2024-01-29,LOC0078
CUST02061,Rajesh Banerjee,Premium,2022-11-01,LOC0139
CUST02062,Rajesh Joshi,Regular,2025-09-18,LOC0014
CUST02063,Sneha Bhat,Regular,2025-01-02,LOC0019
CUST02064,Suresh Chawla,New,2024-10-30,LOC0050
CUST02065,Deepika Nair,Regular,2022-10-31,LOC0127
CUST02066,Rahul Iyer,Regular,2025-07-09,LOC0104
CUST02067,Aditya Chawla,New,2024-06-02,LOC0122
CUST02068,Rahul Nair,New,2023-09-27,LOC0091
CUST02069,Divya Singh,New,2022-07-22,LOC0048
CUST02070,Arjun Rao,New,2024-04-28,LOC0021
CUST02071,Priya Banerjee,Premium,2022-09-12,LOC0016
CUST02072,Ananya Das,Premium,2023-05-05,LOC0001
CUST02073,Suresh Sharma,New,2023-11-29,LOC0099
CUST02074,Rajesh Bhat,Premium,2024-11-19,LOC0018
CUST02075,Arjun Menon,New,2022-10-24,LOC0138
CUST02076,Sneha Patel,Regular,2024-08-08,LOC0040
CUST02077,Rajesh Nair,Regular,2024-05-13,LOC0046
CUST02078,Karthik Sharma,Loyal,2022-03-28,LOC0138
CUST02079,Priya Kumar,Regular,2022-11-23,LOC0090
CUST02080,Rajesh Banerjee,Regular,2025-04-16,LOC0026
CUST02081,Deepika Reddy,Premium,2024-09-21,LOC0087
CUST02082,Anita Mehta,Regular,2025-01-07,LOC0030
CUST02083,Rohan Joshi,New,2023-09-06,LOC0037
CUST02084,Meera Gupta,New,2022-07-21,LOC0092
CUST02085,Meera Bhat,New,2025-03-29,LOC0134
CUST02086,Rahul Banerjee,Regular,2023-10-28,LOC0137
CUST02087,Anita Gupta,Regular,2023-07-04,LOC0035
CUST02088,Arjun Kumar,Regular,2023-04-27,LOC0104
CUST02089,Rohan Deshmukh,New,2024-05-06,LOC0027
CUST02090,Meera Menon,Premium,2023-04-25,LOC0128
CUST02091,Pooja Verma,New,2024-08-04,LOC0011
CUST02092,Rohan Kumar,Regular,2024-04-10,LOC0147
CUST02093,Rahul Verma,Premium,2022-05-01,LOC0013
CUST02094,Aditya Gupta,New,2025-03-18,LOC0138
CUST02095,Divya Banerjee,Regular,2024-08-24,LOC0046
CUST02096,Ananya Gupta,Loyal,2024-02-23,LOC0048
CUST02097,Rahul Iyer,New,2022-07-28,LOC0127
CUST02098,Deepika Sharma,New,2025-07-10,LOC0098
CUST02099,Priya Kumar,Regular,2025-07-13,LOC0062
CUST02100,Rahul Nair,Regular,2024-10-09,LOC0059
CUST02101,Aditya Verma,Regular,2023-03-08,LOC0064
CUST02102,Siddharth Chawla,New,2023-08-25,LOC0080
CUST02103,Siddharth Chawla,Loyal,2022-01-23,LOC0107
CUST02104,Aditya Singh,New,2025-01-09,LOC0125
CUST02105,Aarav Mehta,New,2024-11-22,LOC0115
CUST02106,Kavya Iyer,New,2022-06-06,LOC0030
CUST02107,Meera Iyer,New,2024-04-01,LOC0084
CUST02108,Siddharth Mehta,New,2024-02-09,LOC0074
CUST02109,Rajesh Singh,Regular,2024-12-25,LOC0031
CUST02110,Arjun Iyer,New,2024-08-05,LOC0128
CUST02111,Suresh Verma,New,2023-09-08,LOC0028
CUST02112,Ananya Mehta,New,2022-12-23,LOC0018
CUST02113,Deepika Das,Regular,2024-06-16,LOC0037
CUST02114,Ananya Banerjee,Regular,2024-11-21,LOC0054
CUST02115,Ananya Bhat,New,2025-08-22,LOC0040
CUST02116,Siddharth Nair,Loyal,2023-10-22,LOC0052
CUST02117,Ananya Mehta,Regular,2022-11-24,LOC0075
CUST02118,Kavya Nair,Regular,2022-09-01,LOC0086
CUST02119,Karthik Sharma,Regular,2022-07-31,LOC0063
CUST02120,Pooja Gowda,Premium,2023-03-06,LOC0141
CUST02121,Ananya Patel,Regular,2022-03-23,LOC0105
CUST02122,Aarav Menon,Regular,2024-10-17,LOC0083
CUST02123,Vikram Patel,Regular,2022-09-12,LOC0002
CUST02124,Rajesh Verma,New,2024-08-12,LOC0146
CUST02125,Kavya Verma,New,2023-09-28,LOC0019
CUST02126,Meera Bhat,Regular,2023-03-07,LOC0073
CUST02127,Aditya Pillai,Regular,2024-08-01,LOC0126
CUST02128,Sneha Pillai,Regular,2024-11-27,LOC0040
CUST02129,Sneha Rao,Premium,2023-08-09,LOC0045
CUST02130,Aditya Singh,Regular,2023-10-22,LOC0006
CUST02131,Pooja Reddy,Regular,2024-03-25,LOC0106
CUST02132,Anita Rao,New,2022-10-16,LOC0091
CUST02133,Aditya Chawla,Regular,2023-09-16,LOC0116
CUST02134,Aditya Pillai,Regular,2023-06-09,LOC0084
CUST02135,Vikram Banerjee,Regular,2023-05-27,LOC0056
CUST02136,Rajesh Gupta,Loyal,2024-04-10,LOC0094
CUST02137,Anita Chawla,New,2024-04-13,LOC0079
CUST02138,Vikram Deshmukh,New,2024-05-15,LOC0116
CUST02139,Deepika Chawla,New,2023-06-28,LOC0056
CUST02140,Neha Mehta,Premium,2023-06-28,LOC0047
CUST02141,Aarav Gupta,New,2024-01-20,LOC0045
CUST02142,Rajesh Reddy,Loyal,2023-03-25,LOC0148
CUST02143,Arjun Reddy,New,2023-04-25,LOC0120
CUST02144,Vikram Deshmukh,Regular,2024-04-09,LOC0136
CUST02145,Ananya Patel,New,2023-02-24,LOC0006
CUST02146,Ananya Joshi,New,2023-10-02,LOC0092
CUST02147,Vikram Gupta,Regular,2024-12-04,LOC0017
CUST02148,Rahul Bhat,Regular,2023-09-16,LOC0087
CUST02149,Pooja Kumar,New,2025-02-09,LOC0144
CUST02150,Vikram Nair,Loyal,2022-10-02,LOC0137
CUST02151,Divya Nair,Regular,2023-10-06,LOC0121
CUST02152,Siddharth Rao,Loyal,2024-09-13,LOC0038
CUST02153,Priya Verma,Regular,2025-04-12,LOC0098
CUST02154,Meera Nair,Premium,2024-08-13,LOC0093
CUST02155,Rajesh Bhat,Premium,2024-01-01,LOC0006
CUST02156,Rajesh Das,New,2022-10-07,LOC0095
CUST02157,Vikram Menon,Loyal,2024-06-24,LOC0101
CUST02158,Priya Gupta,Regular,2023-01-05,LOC0075
CUST02159,Rohan Das,New,2024-05-25,LOC0127
CUST02160,Rajesh Chawla,New,2023-10-15,LOC0065
CUST02161,Siddharth Banerjee,Loyal,2024-05-04,LOC0082
CUST02162,Ananya Rao,Regular,2022-11-17,LOC0068
CUST02163,Divya Joshi,Regular,2023-09-17,LOC0118
CUST02164,Rahul Gowda,Regular,2023-04-28,LOC0003
CUST02165,Aarav Kumar,Regular,2023-01-11,LOC0121
CUST02166,Ananya Singh,Regular,2023-01-29,LOC0086
CUST02167,Suresh Chawla,New,2024-05-31,LOC0088
CUST02168,Sneha Singh,New,2022-10-08,LOC0126
CUST02169,Rohan Pillai,Loyal,2022-04-19,LOC0082
CUST02170,Priya Sharma,New,2025-01-30,LOC0028
CUST02171,Neha Das,Loyal,2023-05-05,LOC0147
CUST02172,Rohan Iyer,Regular,2025-01-06,LOC0004
CUST02173, Rahul Menon ,Regular,2023-05-04,LOC0150
CUST02174,Karthik Joshi,New,2022-05-14,LOC0032
CUST02175,Vikram Gupta,Regular,2023-05-30,LOC0024
CUST02176,Rohan Sharma,New,2024-08-12,LOC0060
CUST02177,Rohan Mehta,New,2024-04-21,LOC0136
CUST02178,Arjun Deshmukh,Regular,2024-02-19,LOC0048
CUST02179,Rajesh Verma,New,2022-11-25,LOC0130
CUST02180,Neha Gupta,Regular,2023-01-14,LOC0139
CUST02181,Arjun Patel,New,2024-02-25,LOC0020
CUST02182,Rahul Rao,Regular,2023-11-18,LOC0076
CUST02183,Suresh Kumar,Loyal,2023-11-22,LOC0065
CUST02184,Kavya Banerjee,New,2024-10-29,LOC0065
CUST02185,Neha Iyer,New,2023-02-03,LOC0127
CUST02186,Ananya Menon,New,2022-08-15,LOC0115
CUST02187,Rohan Joshi,Regular,2024-05-03,LOC0093
CUST02188,Deepika Iyer,Regular,2022-12-09,LOC0082
CUST02189,Meera Das,New,2023-02-22,LOC0126
CUST02190,Arjun Rao,Regular,2022-08-28,LOC0011
CUST02191,Divya Pillai,Regular,2023-04-07,LOC0104
CUST02192,Karthik Pillai,Regular,2023-03-09,LOC0099
CUST02193,Aarav Reddy,Regular,2023-08-17,LOC0039
CUST02194,Aarav Chawla,New,2024-08-12,LOC0045
CUST02195,Neha Gupta,Regular,2022-11-30,LOC0101
CUST02196,Siddharth Joshi,Regular,2022-10-14,LOC0128
CUST02197,Pooja Gowda,Regular,2023-04-02,LOC0049
CUST02198,Meera Chawla,Regular,2025-01-18,LOC0041
CUST02199,Ananya Das,Regular,2023-01-15,LOC0083
CUST02200,Deepika Kumar,Premium,2023-06-18,LOC0133
CUST02201,Arjun Chawla,Regular,2022-05-08,LOC0079
CUST02202,Rahul Kumar,Regular,2023-10-11,LOC0110
CUST02203,Deepika Reddy,Regular,2023-01-18,LOC0088
CUST02204,Vikram Das,New,2024-12-05,LOC0122
CUST02205,Karthik Das,Premium,2023-02-09,LOC0054
CUST02206,Kavya Joshi,Loyal,2024-09-05,LOC0122
CUST02207,Anita Joshi,Regular,2024-06-01,LOC0085
CUST02208,Vikram Joshi,Regular,2023-09-21,LOC0059
CUST02209,Deepika Rao,Regular,2024-01-09,LOC0145
CUST02210,Aarav Joshi,Regular,2024-10-02,LOC0025
CUST02211,Vikram Menon,Regular,2022-10-12,LOC0136
CUST02212,Deepika Singh,Loyal,2024-03-02,LOC0100
CUST02213,Siddharth Reddy,Regular,2024-11-13,LOC0016
CUST02214,Kavya Sharma,Regular,2023-07-17,LOC0124
CUST02215,Siddharth Joshi,New,2023-03-15,LOC0138
CUST02216,Arjun Menon,Regular,2022-06-29,LOC0076
CUST02217,Arjun Banerjee,Loyal,2023-02-01,LOC0064
CUST02218,Divya Sharma,New,2023-04-26,LOC0053
CUST02219,Aarav Sharma,new,2023-11-23,LOC0108
CUST02220,Karthik Reddy,Regular,2024-02-17,LOC0098
CUST02221,Deepika Pillai,Regular,2022-11-12,LOC0071
CUST02222,Arjun Menon,Regular,2023-03-01,LOC0042
CUST02223,Rahul Sharma,Regular,2022-12-22,LOC0084
CUST02224,Sneha Reddy,Regular,2024-11-21,LOC0097
CUST02225,Divya Joshi,Regular,2022-12-12,LOC0084
CUST02226,Ananya Kumar,New,2024-02-19,LOC0146
CUST02227,Suresh Verma,New,2022-05-16,LOC0128
CUST02228,Rohan Reddy,New,2023-01-28,LOC0134
CUST02229,Kavya Iyer,New,2025-03-22,LOC0092
CUST02230,Divya Joshi,Regular,2024-04-14,LOC0103
CUST02231,Suresh Chawla,Regular,2024-04-25,LOC0102
CUST02232,Anita Iyer,New,2023-12-20,LOC0041
CUST02233,Siddharth Rao,New,2022-10-28,LOC0143
CUST02234,Kavya Deshmukh,Loyal,2023-01-23,LOC0057
CUST02235,Vikram Reddy,Regular,2023-03-13,LOC0083
CUST02236,Aditya Sharma,Regular,2024-06-06,LOC0075
CUST02237,Divya Gowda,Regular,2023-01-08,LOC0052
CUST02238,Arjun Rao,New,2023-07-25,LOC0002
CUST02239,Rohan Bhat,Regular,2023-11-30,LOC0043
CUST02240,Vikram Gowda,New,2025-07-23,LOC0073
CUST02241,Sneha Banerjee,Loyal,2022-11-27,LOC0052
CUST02242,Siddharth Joshi,Regular,2023-08-23,LOC0067
CUST02243,Pooja Pillai,Loyal,2024-03-18,LOC0132
CUST02244,Arjun Nair,Loyal,2022-12-17,LOC0100
CUST02245,Arjun Gupta,Loyal,2024-04-07,LOC0077
CUST02246,Arjun Bhat,New,2023-08-03,LOC0119
CUST02247,Kavya Bhat,New,2023-04-04,LOC0131
CUST02248,Aarav Gupta,New,2025-02-28,LOC0086
CUST02249,Aditya Joshi,Loyal,2023-06-16,LOC0043
CUST02250,Meera Gowda,New,2022-12-19,LOC0064
CUST02251,Priya Sharma,Loyal,2024-09-11,LOC0013
CUST02252,Siddharth Sharma,Regular,2023-10-28,LOC0098
CUST02253,Neha Patel,Regular,2023-12-16,LOC0056
CUST02254,Divya Das,Regular,2023-09-06,LOC0107
CUST02255,Pooja Verma,New,2023-09-06,LOC0037
CUST02256,Arjun Patel,Loyal,2024-03-13,LOC0008
CUST02257,Meera Nair,Regular,2023-04-19,LOC0023
CUST02258,Karthik Bhat,New,2023-08-04,LOC0070
CUST02259,Rajesh Deshmukh,New,2024-12-17,LOC0040
CUST02260,Aditya Mehta,Regular,2023-01-24,LOC0128
CUST02261,Karthik Chawla,Regular,2025-06-26,LOC0004
CUST02262,Ananya Iyer,Regular,2024-08-06,LOC0073
CUST02263,Arjun Singh,Premium,2024-11-06,LOC0070
CUST02264,Arjun Rao,Premium,2023-04-16,LOC0001
CUST02265,Ananya Bhat,Loyal,2023-12-17,LOC0126
CUST02266,Ananya Kumar,Regular,2022-09-27,LOC0095
CUST02267,Meera Gowda,Regular,2023-10-27,LOC0096
CUST02268,Anita Reddy,Regular,2024-08-11,LOC0089
CUST02269,Rajesh Mehta,Loyal,2023-10-16,LOC0089
CUST02270,Vikram Deshmukh,Regular,2023-07-30,LOC0105
CUST02271,Divya Iyer,New,2022-11-13,LOC0036
CUST02272,Sneha Pillai,Loyal,2024-06-25,LOC0139
CUST02273,Neha Verma,Regular,2023-12-10,LOC0038
CUST02274,Anita Nair,Loyal,2022-08-03,LOC0053
CUST02275,Aditya Iyer,Premium,2024-11-18,LOC0029
CUST02276,Anita Verma,New,2022-07-25,LOC0148
CUST02277,Anita Nair,Regular,2024-08-07,LOC0086
CUST02278,Rahul Das,Regular,2024-11-10,LOC0102
CUST02279,Aditya Rao,Regular,2023-03-06,LOC0105
CUST02280,Priya Rao,New,2023-11-29,LOC0117
CUST02281,Arjun Sharma,Regular,2024-07-15,LOC0028
CUST02282,Rohan Kumar,New,2024-10-12,LOC0104
CUST02283,Arjun Gowda,New,2022-05-18,LOC0049
CUST02284,Aarav Kumar,Loyal,2023-06-01,LOC0048
CUST02285,Rohan Iyer,Regular,2023-12-01,LOC0031
CUST02286,Sneha Mehta,New,2024-12-10,LOC0077
CUST02287,Sneha Gupta,Regular,2023-10-11,LOC0123
CUST02288,Rajesh Verma,Regular,2023-06-06,LOC0009
CUST02289,Sneha Sharma,Loyal,2024-08-10,LOC0122
CUST02290,Aditya Gowda,Premium,2024-01-18,LOC0090
CUST02291,Meera Sharma,Loyal,2022-07-30,LOC0125
CUST02292,Rohan Deshmukh,New,2024-03-03,LOC0024
CUST02293,Priya Pillai,New,2024-07-27,LOC0087
CUST02294,Meera Verma,Loyal,2023-06-02,LOC0142
CUST02295,Karthik Gupta,New,2023-04-17,LOC0025
CUST02296,Vikram Bhat,Premium,2024-03-30,LOC0008
CUST02297,Karthik Iyer,New,2022-10-21,LOC0119
CUST02298,Rajesh Mehta,New,2024-01-31,LOC0013
CUST02299,Priya Banerjee,New,2022-10-20,LOC0116
CUST02300,Neha Verma,Regular,2024-04-12,LOC0085
CUST02301,Vikram Iyer,New,2024-01-28,LOC0125
CUST02302,Aditya Nair,New,2022-08-06,LOC0078
CUST02303,Rahul Bhat,Loyal,2022-12-14,LOC0114
CUST02304,Priya Patel,Regular,2023-02-28,LOC0034
CUST02305,Deepika Bhat,Regular,2024-03-12,LOC0128
CUST02306,Divya Sharma,Regular,2023-06-25,LOC0095
CUST02307,Priya Chawla,Regular,2022-06-07,LOC0072
CUST02308,Divya Iyer,Loyal,2023-02-26,LOC0068
CUST02309,Sneha Deshmukh,Loyal,2023-11-11,LOC0063
CUST02310,Vikram Patel,Regular,2023-06-03,LOC0023
CUST02311,Arjun Pillai,Regular,2023-08-11,LOC0096
CUST02312,Meera Iyer,Regular,2022-08-07,LOC0150
CUST02313,Anita Verma,New,2023-03-31,LOC0038
CUST02314,Aditya Sharma,Loyal,2022-08-25,LOC0131
CUST02315,Priya Banerjee,Regular,2022-10-25,LOC0150
CUST02316,Pooja Reddy,Loyal,2025-02-18,LOC0063
CUST02317,Arjun Gupta,Regular,2023-05-28,LOC0123
CUST02318,Priya Nair,Loyal,2024-01-04,LOC0139
CUST02319,Rohan Reddy,New,2022-06-04,LOC0131
CUST02320,Rohan Deshmukh,New,2022-06-27,LOC0145
CUST02321,Divya Das,Regular,2025-01-02,LOC0068
CUST02322,Divya Verma,New,2024-09-27,LOC0102
CUST02323,Sneha Mehta,Regular,2024-01-26,LOC0058
CUST02324,Vikram Deshmukh,Loyal,2024-10-20,LOC0131
CUST02325,Neha Rao,Regular,2023-08-16,LOC0074
CUST02326,Rohan Chawla,New,2022-03-31,LOC0107
CUST02327,Rohan Reddy,New,2022-03-19,LOC0095
CUST02328,Siddharth Pillai,New,2024-05-09,LOC0088
CUST02329,Anita Menon,Loyal,2025-02-13,LOC0079
CUST02330,Meera Banerjee,Loyal,2023-05-27,LOC0144
CUST02331,Deepika Menon,New,2024-04-11,LOC0147
CUST02332,Rahul Iyer,Regular,2023-05-28,LOC0088
CUST02333,Deepika Iyer,Premium,2024-05-31,LOC0069
CUST02334,Pooja Menon,Loyal,2022-12-03,LOC0081
CUST02335,Rahul Rao,Premium,2022-09-29,LOC0090
CUST02336,Arjun Joshi,New,2024-03-03,LOC0106
CUST02337,Deepika Chawla,Loyal,2023-11-29,LOC0049
CUST02338,Vikram Kumar,Regular,2024-08-29,LOC0093
CUST02339,Anita Joshi,Regular,2024-12-14,LOC0119
CUST02340,Neha Patel,New,2024-05-19,LOC0064
CUST02341,Rahul Nair,Regular,2024-05-13,LOC0128
CUST02342,Aditya Deshmukh,Regular,2025-03-27,LOC0146
CUST02343,Rahul Reddy,New,2024-05-05,LOC0019
CUST02344,Aditya Gowda,New,2022-06-17,LOC0018
CUST02345,Siddharth Deshmukh,Regular,2024-12-26,LOC0141
CUST02346,Siddharth Banerjee,New,2023-05-21,LOC0051
CUST02347,Divya Deshmukh,Regular,2022-06-21,LOC0122
CUST02348,Rahul Patel,Regular,2023-04-25,LOC0032
CUST02349,Ananya Verma,Regular,2023-09-07,LOC0028
CUST02350,Siddharth Reddy,New,2025-06-17,LOC0109
CUST02351,Rajesh Verma,Premium,2023-04-20,LOC0087
CUST02352,Siddharth Kumar,New,2023-01-27,LOC0060
CUST02353,Deepika Bhat,Regular,2025-03-25,LOC0142
CUST02354,Kavya Reddy,New,2024-07-09,LOC0150
CUST02355,Kavya Nair,Regular,2023-01-13,LOC0139
CUST02356,Neha Iyer,Loyal,2024-04-11,LOC0070
CUST02357,Priya Patel,New,2025-01-09,LOC0105
CUST02358,Karthik Menon,Loyal,2025-04-09,LOC0045
CUST02359,Siddharth Patel,Regular,2023-09-01,LOC0079
CUST02360,Deepika Mehta,New,2022-12-22,LOC0060
CUST02361,Rohan Chawla,New,2023-04-01,LOC0114
CUST02362,Aditya Menon,Loyal,2022-07-14,LOC0139
CUST02363,Arjun Deshmukh,New,2024-08-08,LOC0135
CUST02364,Aarav Deshmukh,Loyal,2024-01-07,LOC0100
CUST02365,Deepika Gupta,Regular,2022-11-19,LOC0020
CUST02366,Aditya Nair,New,2023-01-07,LOC0056
CUST02367,Aditya Singh,Loyal,2024-08-28,LOC0075
CUST02368,Aditya Menon,Regular,2025-01-13,LOC0007
CUST02369,Rajesh Rao,Regular,2024-01-20,LOC0017
CUST02370,Aarav Mehta,Regular,2023-03-03,LOC0093
CUST02371,Meera Chawla,New,2024-12-04,LOC0109
CUST02372,Siddharth Das,Loyal,2023-06-08,LOC0094
CUST02373,Siddharth Deshmukh,Loyal,2023-04-03,LOC0057
CUST02374,Suresh Menon,Loyal,2024-07-12,LOC0051
CUST02375,Aditya Das,New,2025-01-24,LOC0059
CUST02376,Neha Iyer,New,2024-02-02,LOC0142
CUST02377,Rohan Banerjee,New,2023-11-30,LOC0039
CUST02378,Divya Singh,New,2023-05-20,LOC0105
CUST02379,Suresh Iyer,Regular,2025-02-13,LOC0024
CUST02380, Rajesh Nair ,Premium,2024-02-19,LOC0121
CUST02381,Neha Rao,Regular,2025-03-30,LOC0051
CUST02382,Rohan Iyer,Regular,2023-08-13,LOC0046
CUST02383,Karthik Gowda,New,2024-07-06,LOC0046
CUST02384,Neha Rao,Loyal,2023-11-26,LOC0044
CUST02385,Suresh Sharma,Regular,2023-09-18,LOC0015
CUST02386,Neha Verma,New,2022-10-12,LOC0034
CUST02387,Deepika Das,Regular,2024-05-23,LOC0072
CUST02388,Karthik Nair,New,2022-04-25,LOC0064
CUST02389,Deepika Verma,New,2023-12-19,LOC0035
CUST02390,Karthik Banerjee,Regular,2024-03-19,LOC0102
CUST02391,Aditya Banerjee,Regular,2025-01-17,LOC0134
CUST02392,Deepika Bhat,Regular,2024-07-16,LOC0065
CUST02393,Divya Nair,New,2024-09-13,LOC0128
CUST02394,Ananya Gupta,Loyal,2024-07-31,LOC0095
CUST02395,Priya Menon,New,2023-06-30,LOC0097
CUST02396,Aarav Joshi,New,2022-11-16,LOC0005
CUST02397,Vikram Pillai,Regular,2024-05-22,LOC0036
CUST02398,Pooja Mehta,Loyal,2023-01-21,LOC0005
CUST02399,Karthik Singh,Regular,2023-06-09,LOC0120
CUST02400,Sneha Gupta,Premium,2022-09-19,LOC0107
CUST02401,Kavya Reddy,New,2024-09-09,LOC0026
CUST02402,Ananya Das,Loyal,2024-11-24,LOC0099
CUST02403,Divya Iyer,Loyal,2022-12-27,LOC0091
CUST02404,Anita Deshmukh,New,2025-07-25,LOC0123
CUST02405,Rahul Gupta,New,2025-02-25,LOC0130
CUST02406,Priya Reddy,New,2023-07-31,LOC0070
CUST02407,Suresh Gupta,New,2023-07-31,LOC0096
CUST02408,Aditya Joshi,Regular,2023-06-08,LOC0089
CUST02409,Pooja Das,Regular,2025-03-05,LOC0133
CUST02410,Karthik Deshmukh,New,2024-07-14,LOC0132
CUST02411,Anita Bhat,Premium,2022-06-24,LOC0040
CUST02412,Aditya Joshi,Regular,2024-01-29,LOC0113
CUST02413,Siddharth Reddy,New,2024-12-09,LOC0051
CUST02414,Aditya Singh,New,2023-01-25,LOC0011
CUST02415,Aarav Reddy,New,2023-11-26,LOC0146
CUST02416,Vikram Chawla,Premium,2023-10-29,LOC0066
CUST02417,Arjun Sharma,New,2023-05-15,LOC0010
CUST02418,Meera Iyer,Loyal,2024-01-03,LOC0043
CUST02419,Meera Patel,Loyal,2024-10-07,LOC0118
CUST02420,Rahul Menon,Premium,2024-11-12,LOC0121
CUST02421,Siddharth Bhat,Regular,2023-10-04,LOC0085
CUST02422,Rahul Banerjee,Regular,2024-08-27,LOC0134
CUST02423,Deepika Rao,Regular,2024-12-20,LOC0006
CUST02424,Siddharth Joshi,Premium,2023-02-17,LOC0128
CUST02425,Aditya Verma,New,2023-01-06,LOC0066
CUST02426,Vikram Gowda,Loyal,2025-01-20,LOC0057
CUST02427,Kavya Pillai,Regular,2025-05-20,LOC0026
CUST02428,Suresh Das,Regular,2024-07-03,LOC0103
CUST02429,Rahul Kumar,Regular,2023-07-27,LOC0042
CUST02430,Rohan Joshi,Loyal,2024-02-22,LOC0104
CUST02431,Vikram Chawla,Premium,2022-06-04,LOC0086
CUST02432,Priya Kumar,Loyal,2024-01-14,LOC0126
CUST02433,Aditya Bhat,Loyal,2023-11-03,LOC0111
CUST02434,Pooja Rao,New,2024-05-26,LOC0043
CUST02435,Deepika Joshi,New,2023-03-24,LOC0022
CUST02436,Rohan Sharma,Regular,2024-04-22,LOC0110
CUST02437,Rohan Reddy,New,2022-12-08,LOC0121
CUST02438,Vikram Kumar,Regular,2024-05-23,LOC0092
CUST02439,Rohan Verma,New,2025-04-10,LOC0080
CUST02440,Ananya Bhat,Loyal,2022-12-30,LOC0001
CUST02441,Arjun Nair,New,2024-10-05,LOC0126
CUST02442,Rajesh Kumar,New,2024-06-25,LOC0135
CUST02443,Deepika Kumar,Regular,2022-12-28,LOC0119
CUST02444,Siddharth Nair,New,2024-04-10,LOC0132
CUST02445,Deepika Rao,Regular,2022-10-31,LOC0009
CUST02446,Rahul Nair,Regular,2023-05-10,LOC0116
CUST02447,Suresh Kumar,Regular,2024-06-03,LOC0103
CUST02448,Kavya Kumar,New,2022-12-25,LOC0054
CUST02449,Vikram Reddy,Regular,2023-03-05,LOC0016
CUST02450,Priya Reddy,New,2024-02-09,LOC0033
CUST02451,Rohan Kumar,Regular,2024-06-18,LOC0082
CUST02452,Meera Chawla,Regular,2022-10-09,LOC0142
CUST02453,Pooja Gupta,Regular,2024-03-05,LOC0009
CUST02454,Aditya Gupta,New,2022-09-14,LOC0013
CUST02455,Siddharth Mehta,Regular,2025-01-07,LOC0128
CUST02456,Aditya Joshi,Regular,2022-09-29,LOC0084
CUST02457,Divya Joshi,New,2024-08-21,LOC0048
CUST02458,Neha Singh,Loyal,2022-09-06,LOC0125
CUST02459,Rahul Reddy,New,2025-06-03,LOC0036
CUST02460,Deepika Deshmukh,Regular,2025-02-26,LOC0052
CUST02461,Divya Verma,Regular,2024-10-04,LOC0093
CUST02462,Deepika Das,Regular,2022-07-15,LOC0027
CUST02463,Suresh Gupta,Regular,2023-02-13,LOC0086
CUST02464,Suresh Singh,Premium,2023-05-10,LOC0136
CUST02465,Deepika Menon,Regular,2023-12-12,LOC0011
CUST02466,Rajesh Gowda,New,2024-02-08,LOC0117
CUST02467,Rahul Sharma,Regular,2024-01-31,LOC0017
CUST02468,Divya Pillai,Loyal,2023-10-02,LOC0060
CUST02469,Rajesh Rao,Loyal,2023-02-11,LOC0077
CUST02470,Ananya Rao,New,2024-08-07,LOC0149
CUST02471,Siddharth Sharma,New,2022-11-25,LOC0011
CUST02472,Karthik Rao,New,2022-06-14,LOC0111
CUST02473,Rohan Singh,Premium,2024-07-13,LOC0140
CUST02474,Aarav Banerjee,Loyal,2024-04-24,LOC0079
CUST02475,Ananya Deshmukh,Regular,2022-10-14,LOC0137
CUST02476,Pooja Patel,Regular,2025-04-07,LOC0100
CUST02477,Rahul Nair,New,2024-01-28,LOC0052
CUST02478,Divya Iyer,Premium,2024-05-09,LOC0063
CUST02479,Aarav Patel,New,2025-06-06,LOC0067
CUST02480,Pooja Singh,New,2022-11-15,LOC0110
CUST02481,Neha Das,New,2025-01-04,LOC0074
CUST02482,Anita Gowda,Premium,2022-04-19,LOC0020
CUST02483,Priya Sharma,Premium,2022-11-07,LOC0070
CUST02484,Priya Pillai,Loyal,2022-11-14,LOC0129
CUST02485,Anita Pillai,Regular,2022-08-18,LOC0124
CUST02486,Siddharth Iyer,Regular,2024-09-17,LOC0024
CUST02487,Aditya Gupta,Regular,2024-11-19,LOC0065
CUST02488,Deepika Iyer,New,2023-05-15,LOC0038
CUST02489,Suresh Gowda,New,2024-01-27,LOC0090
CUST02490,Aditya Chawla,Loyal,2025-02-12,LOC0132
CUST02491,Aditya Gupta,Loyal,2023-04-20,LOC0124
CUST02492,Rohan Rao,Regular,2024-09-12,LOC0127
CUST02493,Karthik Mehta,New,2024-05-08,LOC0095
CUST02494,Ananya Verma,Regular,2022-11-23,LOC0001
CUST02495,Aarav Das,Regular,2023-01-15,LOC0107
CUST02496,Aarav Joshi,Loyal,2022-08-04,LOC0035
CUST02497,Deepika Banerjee,Regular,2024-05-12,LOC0030
CUST02498,Meera Deshmukh,New,2023-10-09,LOC0088
CUST02499,Ananya Joshi,Loyal,2023-07-14,LOC0138
CUST02500,Pooja Verma,Regular,2023-01-03,LOC0077
CUST02501,Vikram Singh,New,2022-11-24,LOC0072
CUST02502,Divya Iyer,Regular,2023-04-12,LOC0020
CUST02503,Pooja Chawla,New,2023-01-16,LOC0073
CUST02504,Rohan Reddy,Regular,2023-12-16,LOC0026
CUST02505,Priya Singh,New,2023-06-05,LOC0032
CUST02506,Arjun Bhat,New,2023-07-17,LOC0013
CUST02507,Anita Gowda,Premium,2025-03-02,LOC0141
CUST02508,Anita Kumar,New,2024-01-27,LOC0077
CUST02509,Aditya Verma,New,2025-02-20,LOC0108
CUST02510,Rahul Singh,New,2023-04-25,LOC0018
CUST02511,Rajesh Sharma,New,2025-05-08,LOC0123
CUST02512,Sneha Mehta,New,2022-07-17,LOC0068
CUST02513,Anita Rao,New,2023-10-29,LOC0044
CUST02514,Rajesh Patel,Regular,2024-05-24,LOC0005
CUST02515,Vikram Nair,Premium,2023-06-22,LOC0062
CUST02516,Aarav Banerjee,Regular,2024-03-27,LOC0049
CUST02517,Kavya Verma,New,2022-12-28,LOC0100
CUST02518,Suresh Kumar,Premium,2022-11-25,LOC0104
CUST02519,Divya Bhat,Regular,2023-05-09,LOC0064
CUST02520,Priya Chawla,New,2024-06-17,LOC0128
CUST02521,Priya Mehta,Regular,2022-09-16,LOC0065
CUST02522,Rajesh Nair,Premium,2023-09-24,LOC0031
CUST02523,Kavya Reddy,Premium,2022-02-12,LOC0060
CUST02524,Ananya Iyer,Premium,2023-02-24,LOC0035
CUST02525,Siddharth Patel,Regular,2022-03-15,LOC0054
CUST02526,Aarav Chawla,Regular,2023-10-23,LOC0053
CUST02527,Vikram Patel,Regular,2023-05-25,LOC0106
CUST02528, Suresh Singh ,Loyal,2024-03-28,LOC0052
CUST02529,Vikram Gupta,Loyal,2023-06-12,LOC0049
CUST02530,Kavya Deshmukh,Regular,2024-12-22,LOC0071
CUST02531,Siddharth Sharma,New,2023-09-11,LOC0041
CUST02532,Ananya Pillai,Regular,2023-01-29,LOC0053
CUST02533,Pooja Reddy,Regular,2023-05-22,LOC0046
CUST02534,Aarav Deshmukh,New,2022-06-10,LOC0117
CUST02535,Kavya Pillai,Loyal,2024-08-25,LOC0071
CUST02536,Aditya Singh,Regular,2024-02-14,LOC0057
CUST02537,Vikram Sharma,Regular,2024-06-24,LOC0125
CUST02538,Anita Banerjee,New,2024-09-20,LOC0038
CUST02539,Sneha Banerjee,New,2024-07-30,LOC0026
CUST02540,Suresh Kumar,Regular,2022-06-29,LOC0017
CUST02541,Priya Rao,Loyal,2023-04-25,LOC0063
CUST02542,Anita Menon,Loyal,2024-06-08,LOC0136
CUST02543,Meera Banerjee,New,2023-06-01,LOC0006
CUST02544,Anita Chawla,Regular,2023-03-01,LOC0001
CUST02545,Neha Patel,New,2024-08-05,LOC0109
CUST02546,Siddharth Bhat,Regular,2024-06-25,LOC0103
CUST02547,Deepika Bhat,Regular,2023-03-19,LOC0025
CUST02548,Deepika Gupta,Loyal,2023-07-27,LOC0012
CUST02549,Sneha Deshmukh,Regular,2024-02-27,LOC0086
CUST02550,Divya Gowda,New,2024-11-29,LOC0020
CUST02551,Vikram Rao,New,2024-11-08,LOC0012
CUST02552,Divya Gowda,Regular,2023-03-10,LOC0141
CUST02553,Vikram Rao,New,2023-04-25,LOC0095
CUST02554,Siddharth Sharma,Premium,2023-04-29,LOC0031
CUST02555,Rajesh Pillai,Loyal,2022-12-20,LOC0088
CUST02556,Deepika Patel,Loyal,2025-02-16,LOC0065
CUST02557,Anita Rao,Regular,2024-04-10,LOC0071
CUST02558,Aarav Deshmukh,Loyal,2024-12-05,LOC0106
CUST02559,Priya Iyer,Loyal,2023-12-06,LOC0059
CUST02560,Siddharth Sharma,Premium,2024-05-10,LOC0090
CUST02561,Karthik Gowda,Regular,2022-06-27,LOC0007
CUST02562,Rajesh Sharma,New,2022-11-02,LOC0050
CUST02563,Neha Rao,New,2024-12-28,LOC0046
CUST02564,Arjun Gupta,New,2023-08-24,LOC0118
CUST02565,Karthik Rao,New,2022-07-06,LOC0009
CUST02566,Arjun Das,Loyal,2024-03-29,LOC0077
CUST02567,Divya Reddy,Regular,2022-03-19,LOC0041
CUST02568,Aarav Nair,New,2022-07-29,LOC0137
CUST02569,Divya Patel,New,2025-01-09,LOC0041
CUST02570,Vikram Chawla,Regular,2024-01-26,LOC0059
CUST02571,Neha Singh,Loyal,2023-06-17,LOC0143
CUST02572,Suresh Bhat,New,2023-02-08,LOC0116
CUST02573,Deepika Gowda,Premium,2023-08-31,LOC0056
CUST02574,Divya Nair,New,2024-06-28,LOC0114
CUST02575,Siddharth Menon,New,2025-04-19,LOC0006
CUST02576,Pooja Mehta,Loyal,2023-07-22,LOC0024
CUST02577,Priya Reddy,Premium,2023-07-28,LOC0137
CUST02578,Priya Gowda,Regular,2023-06-09,LOC0149
CUST02579,Vikram Verma,Loyal,2022-10-12,LOC0138
CUST02580,Vikram Rao,Loyal,2024-05-10,LOC0140
CUST02581,Kavya Gowda,Regular,2022-06-18,LOC0087
CUST02582,Rohan Singh,New,2023-07-27,LOC0141
CUST02583,Neha Verma,New,2023-10-12,LOC0053
CUST02584,Kavya Iyer,New,2022-09-09,LOC0114
CUST02585,Anita Iyer,Regular,2023-11-04,LOC0043
CUST02586,Rahul Sharma,Loyal,2025-02-06,LOC0003
CUST02587,Aarav Sharma,Loyal,2023-10-16,LOC0043
CUST02588,Rajesh Iyer,Regular,2024-10-24,LOC0049
CUST02589,Priya Pillai,New,2024-01-24,LOC0096
CUST02590,Deepika Sharma,Regular,2023-10-13,LOC0081
CUST02591,Priya Banerjee,New,2022-11-28,LOC0075
CUST02592,Rohan Gowda,Regular,2024-06-23,LOC0148
CUST02593,Pooja Deshmukh,New,2024-10-27,LOC0020
CUST02594,Pooja Banerjee,New,2024-05-04,LOC0011
CUST02595,Meera Verma,New,2023-07-06,LOC0120
CUST02596,Deepika Verma,Loyal,2024-11-07,LOC0067
CUST02597,Aditya Das,Regular,2023-01-25,LOC0023
CUST02598,Suresh Singh,Regular,2022-09-05,LOC0104
CUST02599,Priya Rao,Regular,2022-11-03,LOC0069
CUST02600,Rahul Das,New,2022-03-19,LOC0094
CUST02601,Neha Bhat,Regular,2024-07-09,LOC0011
CUST02602,Ananya Deshmukh,New,2024-01-25,LOC0054
CUST02603,Deepika Menon,Loyal,2023-07-06,LOC0091
CUST02604,Aarav Menon,New,2024-10-12,LOC0135
CUST02605,Rohan Verma,Loyal,2024-11-15,LOC0013
CUST02606,Aditya Singh,Loyal,2022-08-11,LOC0143
CUST02607,Aarav Singh,Premium,2024-03-06,LOC0067
CUST02608,Neha Gowda,Regular,2023-09-26,LOC0064
CUST02609,Aditya Gupta,Regular,2024-01-29,LOC0017
CUST02610,Kavya Reddy,Regular,2022-03-30,LOC0037
CUST02611,Deepika Kumar,Regular,2024-03-23,LOC0147
CUST02612,Pooja Chawla,New,2023-01-11,LOC0006
CUST02613,Divya Reddy,Regular,2024-07-05,LOC0136
CUST02614,Priya Kumar,Loyal,2022-11-18,LOC0119
CUST02615,Aditya Kumar,Regular,2023-03-18,LOC0041
CUST02616,Sneha Kumar,Loyal,2023-06-20,LOC0104
CUST02617,Sneha Joshi,New,2024-02-26,LOC0048
CUST02618,Aarav Iyer,Regular,2023-05-27,LOC0079
CUST02619,Siddharth Kumar,Regular,2023-11-24,LOC0136
CUST02620,Aarav Rao,Regular,2023-11-19,LOC0062
CUST02621,Suresh Banerjee,New,2025-01-29,LOC0071
CUST02622,Vikram Pillai,Regular,2024-06-23,LOC0016
CUST02623,Rahul Verma,Premium,2024-07-09,LOC0015
CUST02624,Pooja Rao,New,2025-04-14,LOC0056
CUST02625,Sneha Gupta,Loyal,2022-12-26,LOC0081
CUST02626,Priya Mehta,Loyal,2024-12-14,LOC0037
CUST02627,Rohan Patel,Regular,2023-09-08,LOC0117
CUST02628,Priya Gowda,New,2024-08-20,LOC0051
CUST02629,Rohan Gupta,Regular,2022-12-01,LOC0035
CUST02630,Rahul Rao,Loyal,2025-06-02,LOC0105
CUST02631,Rohan Iyer,Regular,2024-04-11,LOC0130
CUST02632,Rahul Mehta,Loyal,2024-02-29,LOC0129
CUST02633,Anita Banerjee,New,2023-01-07,LOC0048
CUST02634,Aarav Sharma,Loyal,2022-06-24,LOC0086
CUST02635,Priya Gowda,Loyal,2025-03-03,LOC0135
CUST02636,Kavya Mehta,New,2023-11-10,LOC0128
CUST02637,Pooja Menon,Loyal,2025-07-11,LOC0107
CUST02638,Deepika Gupta,New,2023-06-26,LOC0089
CUST02639,Ananya Iyer,Loyal,2024-04-04,LOC0019
CUST02640, Suresh Bhat ,New,2022-11-27,LOC0139
CUST02641,Kavya Mehta,Loyal,2023-08-06,LOC0088
CUST02642,Rajesh Reddy,Loyal,2022-12-23,LOC0044
CUST02643,Neha Gupta,New,2023-11-03,LOC0130
CUST02644,Kavya Pillai,Regular,2023-07-23,LOC0087
CUST02645,Rohan Singh,New,2024-11-25,LOC0076
CUST02646,Anita Chawla,Regular,2025-04-08,LOC0094
CUST02647,Rahul Rao,Regular,2024-12-07,LOC0102
CUST02648,Ananya Banerjee,Regular,2022-04-19,LOC0030
CUST02649,Divya Sharma,Loyal,2025-08-03,LOC0050
CUST02650,Ananya Banerjee,Regular,2023-09-23,LOC0100
CUST02651,Deepika Iyer,Regular,2024-01-18,LOC0040
CUST02652,Rohan Joshi,Loyal,2022-12-26,LOC0045
CUST02653,Siddharth Joshi,Regular,2022-08-25,LOC0111
CUST02654,Neha Chawla,Regular,2022-07-04,LOC0125
CUST02655,Meera Chawla,Regular,2024-01-08,LOC0037
CUST02656,Suresh Singh,New,2024-09-11,LOC0011
CUST02657,Pooja Gowda,Premium,2025-03-21,LOC0136
CUST02658,Arjun Joshi,Loyal,2023-04-02,LOC0123
CUST02659,Anita Banerjee,New,2023-12-15,LOC0012
CUST02660,Sneha Menon,Regular,2022-12-23,LOC0027
CUST02661,Karthik Sharma,Regular,2024-06-15,LOC0013
CUST02662,Rajesh Bhat,New,2022-03-11,LOC0075
CUST02663,Neha Sharma,Regular,2023-04-09,LOC0066
CUST02664,Neha Mehta,Regular,2024-02-22,LOC0147
CUST02665,Divya Menon,Loyal,2024-06-18,LOC0097
CUST02666,Pooja Gowda,New,2023-10-19,LOC0117
CUST02667,Suresh Kumar,Regular,2024-04-19,LOC0094
CUST02668,Rajesh Rao,New,2023-09-21,LOC0145
CUST02669,Aarav Banerjee,Premium,2024-03-01,LOC0050
CUST02670,Arjun Patel,New,2025-02-04,LOC0058
CUST02671,Vikram Chawla,Premium,2024-01-07,LOC0144
CUST02672,Ananya Chawla,Premium,2024-02-03,LOC0006
CUST02673,Meera Reddy,Regular,2024-03-28,LOC0031
CUST02674,Divya Sharma,Regular,2023-05-05,LOC0045
CUST02675,Pooja Gowda,New,2024-02-21,LOC0057
CUST02676,Deepika Das,New,2022-10-10,LOC0134
CUST02677,Anita Sharma,Loyal,2024-12-03,LOC0001
CUST02678,Divya Patel,Regular,2025-05-01,LOC0145
CUST02679,Rahul Sharma,Regular,2024-06-26,LOC0038
CUST02680,Sneha Gowda,Regular,2022-06-19,LOC0112
CUST02681,Rohan Gowda,New,2024-01-27,LOC0097
CUST02682,Rohan Gupta,Loyal,2024-07-22,LOC0124
CUST02683,Priya Reddy,New,2024-12-30,LOC0136
CUST02684,Rahul Patel,Loyal,2025-01-05,LOC0050
CUST02685,Aditya Gowda,Loyal,2023-06-20,LOC0080
CUST02686,Siddharth Verma,Regular,2025-04-17,LOC0043
CUST02687,Kavya Sharma,Regular,2024-11-11,LOC0132
CUST02688,Aditya Mehta,Loyal,2023-01-25,LOC0030
CUST02689,Aditya Banerjee,Regular,2022-12-05,LOC0021
CUST02690,Deepika Joshi,Regular,2023-02-06,LOC0017
CUST02691,Ananya Menon,New,2022-11-16,LOC0021
CUST02692,Deepika Iyer,Regular,2022-09-14,LOC0117
CUST02693,Neha Banerjee,Premium,2025-03-03,LOC0150
CUST02694,Divya Reddy,New,2024-12-23,LOC0095
CUST02695,Siddharth Singh,Regular,2025-06-28,LOC0127
CUST02696,Deepika Kumar,Regular,2022-11-28,LOC0015
CUST02697,Karthik Reddy,Regular,2024-07-29,LOC0106
CUST02698,Deepika Reddy,Loyal,2022-07-28,LOC0143
CUST02699,Meera Deshmukh,Premium,2025-01-19,LOC0013
CUST02700,Rajesh Menon,New,2025-01-23,LOC0068
CUST02701,Suresh Gowda,New,2022-10-27,LOC0050
CUST02702,Karthik Rao,Premium,2025-07-03,LOC0034
CUST02703,Rahul Das,Loyal,2023-05-01,LOC0089
CUST02704,Aditya Patel,Regular,2023-11-15,LOC0021
CUST02705,Arjun Nair,Regular,2022-05-03,LOC0021
CUST02706,Aarav Mehta,New,2023-06-17,LOC0109
CUST02707,Suresh Joshi,Regular,2024-02-16,LOC0127
CUST02708,Sneha Mehta,Regular,2023-05-13,LOC0056
CUST02709,Anita Kumar,Regular,2023-04-24,LOC0013
CUST02710,Neha Bhat,Loyal,2022-09-06,LOC0037
CUST02711,Pooja Banerjee,Regular,2025-09-01,LOC0025
CUST02712,Pooja Verma,Regular,2023-12-08,LOC0053
CUST02713,Priya Mehta,Loyal,2023-11-04,LOC0028
CUST02714,Karthik Deshmukh,Loyal,2023-07-04,LOC0044
CUST02715,Rohan Sharma,Loyal,2024-07-26,LOC0024
CUST02716,Rajesh Gowda,New,2023-01-12,LOC0050
CUST02717,Divya Nair,Regular,2023-09-24,LOC0088
CUST02718,Meera Menon,Loyal,2023-01-16,LOC0110
CUST02719,Kavya Gowda,Loyal,2025-02-12,LOC0030
CUST02720,Neha Gowda,New,2022-12-10,LOC0105
CUST02721,Kavya Bhat,Regular,2025-01-22,LOC0006
CUST02722,Rajesh Gowda,Regular,2023-04-24,LOC0104
CUST02723,Priya Pillai,Regular,2024-04-17,LOC0016
CUST02724,Meera Rao,Loyal,2023-11-20,LOC0038
CUST02725,Aarav Das,New,2024-01-20,LOC0139
CUST02726,Neha Nair,New,2024-06-14,LOC0090
CUST02727,Neha Iyer,New,2024-05-09,LOC0094
CUST02728,Rahul Gowda,Regular,2024-12-31,LOC0027
CUST02729,Aditya Bhat,Regular,2024-11-05,LOC0019
CUST02730,Neha Iyer,Regular,2022-08-04,LOC0084
CUST02731,Karthik Menon,Loyal,2024-07-04,LOC0137
CUST02732,Siddharth Rao,New,2024-02-23,LOC0139
CUST02733,Anita Sharma,Loyal,2023-02-18,LOC0010
CUST02734,Ananya Menon,Regular,2024-01-29,LOC0059
CUST02735,Anita Chawla,Regular,2024-03-03,LOC0065
CUST02736,Pooja Reddy,Loyal,2025-01-21,LOC0087
CUST02737,Deepika Banerjee,Regular,2023-12-28,LOC0017
CUST02738,Pooja Das,Regular,2024-02-15,LOC0140
CUST02739,Ananya Pillai,New,2023-11-16,LOC0046
CUST02740,Anita Mehta,New,2023-06-20,LOC0123
CUST02741,Neha Sharma,Regular,2023-05-28,LOC0071
CUST02742,Rohan Menon,Regular,2024-12-05,LOC0119
CUST02743,Anita Deshmukh,Loyal,2023-12-25,LOC0039
CUST02744,Rajesh Chawla,Loyal,2023-09-09,LOC0040
CUST02745,Vikram Joshi,Regular,2023-11-23,LOC0051
CUST02746,Ananya Gowda,New,2024-06-19,LOC0135
CUST02747,Neha Rao,Loyal,2022-08-19,LOC0069
CUST02748,Sneha Mehta,Regular,2024-07-04,LOC0085
CUST02749,Rajesh Verma,New,2024-11-05,LOC0032
CUST02750,Anita Nair,New,2024-11-28,LOC0096
CUST02751,Neha Banerjee,New,2023-09-28,LOC0101
CUST02752,Sneha Menon,Regular,2023-02-10,LOC0064
CUST02753,Vikram Gowda,Loyal,2024-07-27,LOC0069
CUST02754,Kavya Gupta,Premium,2024-12-05,LOC0147
CUST02755,Rahul Mehta,Regular,2023-07-02,LOC0021
CUST02756,Rahul Nair,Regular,2024-05-22,LOC0087
CUST02757,Meera Nair,Premium,2023-08-12,LOC0043
CUST02758,Neha Mehta,New,2022-10-18,LOC0057
CUST02759,Deepika Das,New,2023-06-26,LOC0130
CUST02760,Aditya Das,Regular,2022-07-24,LOC0126
CUST02761,Aditya Gowda,Loyal,2022-08-04,LOC0083
CUST02762,Pooja Singh,New,2022-09-16,LOC0050
CUST02763,Deepika Patel,Loyal,2024-07-24,LOC0132
CUST02764,Rohan Patel,New,2024-01-03,LOC0124
CUST02765,Arjun Banerjee,New,2022-12-13,LOC0149
CUST02766,Ananya Iyer,New,2023-01-30,LOC0101
CUST02767,Rahul Kumar,Loyal,2022-09-01,LOC0084
CUST02768,Arjun Patel,Regular,2024-09-28,LOC0045
CUST02769,Arjun Chawla,New,2024-05-17,LOC0135
CUST02770,Divya Pillai,Premium,2022-09-07,LOC0005
CUST02771,Siddharth Reddy,New,2024-06-13,LOC0028
CUST02772,Rohan Verma,Regular,2023-01-01,LOC0117
CUST02773, Suresh Patel ,Regular,2023-09-07,LOC0135
CUST02774,Ananya Menon,New,2024-12-09,LOC0123
CUST02775,Sneha Reddy,Regular,2025-01-14,LOC0132
CUST02776,Sneha Mehta,Premium,2025-04-08,LOC0036
CUST02777,Anita Chawla,Loyal,2022-07-31,LOC0084
CUST02778,Rajesh Banerjee,Regular,2024-08-22,LOC0116
CUST02779,Siddharth Kumar,Regular,2023-02-26,LOC0127
CUST02780,Suresh Joshi,Regular,2022-11-06,LOC0139
CUST02781,Rajesh Chawla,Loyal,2024-09-21,LOC0082
CUST02782,Deepika Kumar,New,2024-02-28,LOC0033
CUST02783,Deepika Patel,Premium,2025-02-28,LOC0110
CUST02784,Aarav Reddy,New,2025-06-19,LOC0011
CUST02785,Pooja Das,New,2022-10-01,LOC0060
CUST02786,Kavya Reddy,Loyal,2024-07-23,LOC0030
CUST02787,Rahul Iyer,New,2022-09-22,LOC0083
CUST02788,Ananya Banerjee,Regular,2024-06-28,LOC0109
CUST02789,Neha Patel,Loyal,2023-06-15,LOC0073
CUST02790,Suresh Menon,New,2023-07-19,LOC0126
CUST02791,Kavya Chawla,Regular,2024-11-22,LOC0113
CUST02792,Pooja Chawla,New,2024-11-19,LOC0002
CUST02793,Suresh Nair,Premium,2023-04-17,LOC0054
CUST02794,Rohan Banerjee,Regular,2024-12-14,LOC0045
CUST02795,Priya Reddy,New,2025-01-29,LOC0017
CUST02796,Deepika Reddy,Regular,2022-02-12,LOC0079
CUST02797,Ananya Mehta,Regular,2025-06-21,LOC0024
CUST02798,Divya Singh,Regular,2022-10-06,LOC0053
CUST02799,Karthik Das,Loyal,2024-06-17,LOC0043
CUST02800,Aditya Banerjee,New,2022-04-04,LOC0117
CUST02801,Neha Das,New,2023-08-19,LOC0083
CUST02802,Sneha Gowda,New,2022-11-13,LOC0124
CUST02803,Vikram Bhat,Regular,2023-11-14,LOC0037
CUST02804,Suresh Pillai,New,2024-12-27,LOC0142
CUST02805,Priya Mehta,Regular,2024-06-19,LOC0047
CUST02806,Priya Deshmukh,Regular,2022-12-07,LOC0118
CUST02807,Arjun Pillai,Regular,2025-04-17,LOC0145
CUST02808,Neha Sharma,New,2023-01-21,LOC0045
CUST02809,Rajesh Menon,Loyal,2024-10-11,LOC0106
CUST02810,Priya Chawla,New,2024-05-21,LOC0150
CUST02811,Pooja Rao,New,2023-10-08,LOC0037
CUST02812,Neha Joshi,Loyal,2023-02-08,LOC0063
CUST02813,Anita Gupta,New,2024-02-11,LOC0079
CUST02814,Priya Deshmukh,New,2023-05-25,LOC0127
CUST02815,Aditya Kumar,Regular,2025-04-18,LOC0006
CUST02816,Siddharth Singh,Regular,2024-06-19,LOC0128
CUST02817,Priya Nair,Regular,2024-01-26,LOC0150
CUST02818,Neha Bhat,New,2023-12-28,LOC0018
CUST02819,Rahul Rao,Loyal,2024-08-04,LOC0120
CUST02820,Meera Patel,New,2024-01-29,LOC0084
CUST02821,Anita Banerjee,New,2023-01-10,LOC0039
CUST02822,Priya Reddy,Regular,2023-08-09,LOC0014
CUST02823,Neha Verma,Regular,2023-09-07,LOC0142
CUST02824,Karthik Banerjee,Regular,2023-09-19,LOC0146
CUST02825,Arjun Das,New,2023-07-05,LOC0092
CUST02826,Anita Mehta,New,2025-02-25,LOC0011
CUST02827,Siddharth Kumar,Regular,2025-04-04,LOC0100
CUST02828,Rajesh Bhat,New,2022-11-10,LOC0118
CUST02829,Neha Gupta,New,2024-09-20,LOC0024
CUST02830,Vikram Bhat,Regular,2024-12-13,LOC0090
CUST02831,Rohan Kumar,Regular,2024-01-24,LOC0071
CUST02832,Suresh Gupta,Loyal,2024-08-20,LOC0051
CUST02833,Rajesh Chawla,Regular,2022-07-29,LOC0054
CUST02834,Meera Iyer,New,2024-11-10,LOC0030
CUST02835,Ananya Reddy,New,2023-02-11,LOC0054
CUST02836,Karthik Chawla,New,2024-06-16,LOC0036
CUST02837,Deepika Iyer,Regular,2023-02-26,LOC0098
CUST02838,Vikram Nair,Regular,2023-04-13,LOC0009
CUST02839,Rahul Banerjee,New,2024-12-31,LOC0064
CUST02840,Deepika Gupta,New,2023-10-10,LOC0147
CUST02841,Aditya Joshi,Regular,2024-03-19,LOC0004
CUST02842,Karthik Kumar,Loyal,2022-07-25,LOC0039
CUST02843,Pooja Nair,New,2023-02-11,LOC0073
CUST02844,Anita Mehta,Loyal,2023-08-06,LOC0036
CUST02845,Aarav Bhat,New,2022-12-26,LOC0035
CUST02846,Pooja Mehta,Regular,2022-11-14,LOC0050
CUST02847,Sneha Das,Loyal,2024-10-27,LOC0017
CUST02848,Aarav Gupta,New,2023-08-30,LOC0089
CUST02849,Rajesh Deshmukh,New,2025-02-25,LOC0025
CUST02850,Karthik Patel,Regular,2023-07-30,LOC0049
CUST02851,Sneha Gowda,Regular,2024-01-21,LOC0094
CUST02852,Vikram Gupta,Loyal,2023-09-10,LOC0020
CUST02853,Vikram Sharma,Regular,2024-02-26,LOC0014
CUST02854,Sneha Menon,Regular,2024-02-13,LOC0060
CUST02855,Siddharth Verma,Regular,2024-06-12,LOC0016
CUST02856,Rohan Chawla,Regular,2024-10-26,LOC0006
CUST02857,Vikram Reddy,New,2024-02-04,LOC0028
CUST02858,Siddharth Nair,New,2023-10-24,LOC0002
CUST02859,Pooja Verma,New,2022-10-26,LOC0032
CUST02860,Sneha Mehta,Regular,2023-11-20,LOC0116
CUST02861,Pooja Menon,Regular,2023-12-13,LOC0114
CUST02862,Sneha Das,Premium,2023-10-18,LOC0045
CUST02863,Siddharth Deshmukh,Regular,2023-03-28,LOC0065
CUST02864,Aarav Patel,Loyal,2024-06-30,LOC0016
CUST02865,Suresh Patel,Loyal,2023-07-13,LOC0007
CUST02866,Divya Gowda,Regular,2022-12-17,LOC0116
CUST02867,Rohan Deshmukh,New,2023-12-18,LOC0133
CUST02868,Aarav Banerjee,Regular,2025-02-21,LOC0094
CUST02869,Vikram Bhat,Premium,2025-05-24,LOC0028
CUST02870,Ananya Pillai,New,2023-06-07,LOC0131
CUST02871,Karthik Patel,Regular,2022-10-22,LOC0119
CUST02872,Rahul Iyer,Regular,2025-03-19,LOC0074
CUST02873,Suresh Singh,Loyal,2023-02-26,LOC0052
CUST02874,Neha Patel,New,2022-07-26,LOC0007
CUST02875,Divya Nair,Regular,2024-01-02,LOC0136
CUST02876,Karthik Chawla,Regular,2023-03-21,LOC0065
CUST02877,Arjun Patel,New,2022-03-25,LOC0086
CUST02878,Arjun Menon,Loyal,2022-11-16,LOC0113
CUST02879,Divya Mehta,New,2024-09-11,LOC0039
CUST02880,Rajesh Iyer,Regular,2022-12-10,LOC0036
CUST02881,Meera Sharma,Regular,2023-02-12,LOC0069
CUST02882,Divya Patel,Regular,2025-04-09,LOC0085
CUST02883,Aarav Iyer,Regular,2022-12-24,LOC0115
CUST02884,Karthik Patel,Regular,2022-10-02,LOC0006
CUST02885,Siddharth Bhat,New,2024-03-12,LOC0142
CUST02886,Rajesh Singh,New,2022-03-17,LOC0081
CUST02887,Rohan Joshi,Regular,2022-11-17,LOC0066
CUST02888,Suresh Verma,Loyal,2023-01-04,LOC0128
CUST02889,Aditya Menon,Regular,2023-08-23,LOC0058
CUST02890,Arjun Pillai,Loyal,2023-05-28,LOC0031
CUST02891,Aditya Menon,New,2024-04-28,LOC0075
CUST02892,Aditya Patel,New,2023-05-26,LOC0125
CUST02893,Ananya Deshmukh,New,2023-12-06,LOC0069
CUST02894,Neha Joshi,Regular,2022-11-26,LOC0054
CUST02895,Suresh Bhat,Regular,2022-12-24,LOC0150
CUST02896,Priya Menon,New,2024-08-21,LOC0004
CUST02897,Siddharth Nair,New,2024-10-10,LOC0036
CUST02898,Karthik Verma,Loyal,2023-07-28,LOC0139
CUST02899,Priya Iyer,Regular,2022-07-31,LOC0041
CUST02900,Aarav Singh,Premium,2025-04-02,LOC0140
CUST02901,Rohan Rao,Regular,2024-05-26,LOC0147
CUST02902,Suresh Bhat,Loyal,2024-11-24,LOC0038
CUST02903,Rohan Pillai,Regular,2025-01-07,LOC0138
CUST02904,Rajesh Kumar,Loyal,2023-07-02,LOC0008
CUST02905,Rohan Gowda,New,2024-12-12,LOC0067
CUST02906,Vikram Nair,Regular,2024-02-06,LOC0092
CUST02907,Kavya Bhat,Regular,2025-02-09,LOC0130
CUST02908,Aarav Gowda,New,2022-12-07,LOC0007
CUST02909,Ananya Chawla,Regular,2023-03-27,LOC0122
CUST02910,Neha Gupta,New,2024-01-18,LOC0022
CUST02911,Aditya Iyer,Premium,2023-12-20,LOC0022
CUST02912,Suresh Deshmukh,Loyal,2024-05-06,LOC0070
CUST02913,Deepika Chawla,New,2024-10-01,LOC0130
CUST02914,Aditya Bhat,Regular,2024-09-01,LOC0123
CUST02915,Ananya Singh,New,2024-08-03,LOC0091
CUST02916,Priya Singh,Regular,2025-02-03,LOC0149
CUST02917,Sneha Chawla,Regular,2024-04-29,LOC0142
CUST02918,Neha Deshmukh,Regular,2024-06-29,LOC0142
CUST02919,Rahul Mehta,Regular,2022-10-21,LOC0118
CUST02920,Aditya Nair,Loyal,2024-05-21,LOC0012
CUST02921,Divya Kumar,Regular,2023-03-15,LOC0099
CUST02922,Siddharth Menon,Regular,2022-06-22,LOC0069
CUST02923,Pooja Reddy,New,2024-02-26,LOC0003
CUST02924,Rahul Patel,Premium,2022-11-10,LOC0041
CUST02925,Sneha Bhat,New,2024-12-22,LOC0105
CUST02926,Anita Reddy,Premium,2024-05-29,LOC0147
CUST02927,Kavya Singh,Regular,2023-05-17,LOC0137
CUST02928,Kavya Menon,New,2025-05-30,LOC0112
CUST02929,Siddharth Mehta,Regular,2022-10-02,LOC0135
CUST02930,Rajesh Iyer,New,2022-06-20,LOC0017
CUST02931,Rohan Gupta,Regular,2024-06-27,LOC0064
CUST02932,Deepika Nair,New,2024-09-19,LOC0105
CUST02933,Arjun Deshmukh,New,2024-12-08,LOC0001
CUST02934,Kavya Verma,Regular,2023-07-18,LOC0143
CUST02935,Aditya Joshi,Regular,2022-01-30,LOC0043
CUST02936,Siddharth Kumar,New,2022-09-18,LOC0068
CUST02937,Priya Chawla,Loyal,2024-05-18,LOC0009
CUST02938,Pooja Singh,Regular,2025-03-03,LOC0146
CUST02939,Rohan Deshmukh,Loyal,2024-11-02,LOC0017
CUST02940,Vikram Singh,Loyal,2023-09-05,LOC0147
CUST02941,Ananya Gowda,Loyal,2024-12-03,LOC0001
CUST02942,Karthik Gowda,New,2023-01-26,LOC0070
CUST02943,Siddharth Chawla,Loyal,2024-08-27,LOC0027
CUST02944,Rahul Menon,Regular,2025-04-27,LOC0101
CUST02945,Siddharth Gowda,Regular,2024-02-20,LOC0138
CUST02946,Kavya Bhat,Regular,2024-05-26,LOC0141
CUST02947,Suresh Mehta,New,2023-01-30,LOC0024
CUST02948,Rajesh Singh,New,2024-10-24,LOC0013
CUST02949,Deepika Reddy,New,2024-01-25,LOC0047
CUST02950,Meera Das,Loyal,2024-08-10,LOC0098
CUST02951,Ananya Das,New,2023-01-15,LOC0122
CUST02952,Ananya Rao,Loyal,2023-09-03,LOC0143
CUST02953,Arjun Chawla,Premium,2023-04-05,LOC0106
CUST02954,Vikram Patel,New,2023-11-27,LOC0067
CUST02955,Deepika Verma,New,2023-10-31,LOC0002
CUST02956,Deepika Bhat,New,2024-11-03,LOC0035
CUST02957,Rajesh Singh,Loyal,2022-11-19,LOC0076
CUST02958,Aditya Singh,Regular,2023-12-10,LOC0112
CUST02959,Divya Verma,New,2024-10-03,LOC0112
CUST02960,Aarav Kumar,Regular,2023-09-30,LOC0094
CUST02961,Karthik Joshi,Regular,2024-09-30,LOC0008
CUST02962,Pooja Joshi,Loyal,2023-03-25,LOC0130
CUST02963,Aarav Chawla,New,2023-07-02,LOC0095
CUST02964,Aditya Mehta,Loyal,2025-03-19,LOC0048
CUST02965,Rahul Kumar,Regular,2023-03-26,LOC0102
CUST02966,Deepika Menon,New,2023-02-27,LOC0014
CUST02967,Divya Nair,New,2023-01-27,LOC0045
CUST02968,Neha Pillai,Regular,2025-02-07,LOC0123
CUST02969,Meera Kumar,Regular,2022-10-25,LOC0081
CUST02970,Aditya Sharma,New,2023-01-28,LOC0046
CUST02971,Priya Iyer,Loyal,2025-01-12,LOC0129
CUST02972,Siddharth Gowda,Premium,2024-01-26,LOC0100
CUST02973,Aarav Gowda,Regular,2023-04-14,LOC0122
CUST02974,Aditya Deshmukh,New,2023-05-23,LOC0144
CUST02975,Rohan Nair,Regular,2023-11-11,LOC0092
CUST02976,Aarav Singh,Loyal,2022-10-03,LOC0105
CUST02977,Neha Chawla,loyal,2023-04-23,LOC0029
CUST02978,Ananya Gupta,Regular,2022-12-19,LOC0059
CUST02979,Meera Joshi,Regular,2023-11-21,LOC0089
CUST02980,Aditya Gowda,Regular,2024-03-24,LOC0142
CUST02981,Neha Das,New,2025-04-15,LOC0132
CUST02982,Vikram Patel,Regular,2023-08-16,LOC0060
CUST02983,Siddharth Das,Regular,2022-10-04,LOC0009
CUST02984,Divya Singh,New,2024-05-27,LOC0095
CUST02985,Karthik Joshi,Loyal,2025-03-27,LOC0051
CUST02986,Rohan Patel,New,2025-06-15,LOC0050
CUST02987,Karthik Kumar,Regular,2023-12-21,LOC0126
CUST02988,Deepika Iyer,Loyal,2023-08-07,LOC0102
CUST02989,Kavya Kumar,Regular,2023-11-23,LOC0043
CUST02990,Aarav Gupta,Regular,2023-09-25,LOC0098
CUST02991,Rohan Deshmukh,Regular,2024-07-04,LOC0004
CUST02992,Ananya Iyer,Premium,2024-05-07,LOC0100
CUST02993,Ananya Singh,New,2024-07-17,LOC0050
CUST02994,Deepika Rao,Regular,2024-07-24,LOC0140
CUST02995,Vikram Singh,New,2024-08-19,LOC0059
CUST02996,Kavya Kumar,Regular,2023-01-31,LOC0027
CUST02997,Aditya Pillai,Regular,2023-10-03,LOC0074
CUST02998,Rohan Chawla,New,2023-01-01,LOC0072
CUST02999,Sneha Singh,Loyal,2023-10-31,LOC0014
CUST03000,Arjun Gowda,Regular,2024-06-03,LOC0017
CUST03001,Deepika Gupta,New,2024-05-06,LOC0142
CUST03002,Rahul Rao,New,2023-10-09,LOC0032
CUST03003,Karthik Banerjee,Loyal,2024-02-19,LOC0066
CUST03004,Aditya Menon,Premium,2023-10-31,LOC0109
CUST03005,Suresh Banerjee,New,2025-04-07,LOC0016
CUST03006,Rahul Deshmukh,Loyal,2024-02-28,LOC0035
CUST03007,Priya Singh,New,2024-04-12,LOC0036
CUST03008,Kavya Verma,Regular,2025-04-17,LOC0139
CUST03009,Aditya Singh,Loyal,2023-07-05,LOC0034
CUST03010,Anita Rao,Regular,2023-06-07,LOC0042
CUST03011,Kavya Bhat,Premium,2023-04-13,LOC0029
CUST03012,Anita Deshmukh,Premium,2024-01-22,LOC0041
CUST03013,Rajesh Gupta,Loyal,2024-03-17,LOC0132
CUST03014,Rajesh Gowda,New,2023-03-05,LOC0038
CUST03015,Priya Sharma,Loyal,2023-05-22,LOC0045
CUST03016,Aarav Iyer,Regular,2023-06-30,LOC0099
CUST03017,Aditya Patel,Regular,2025-06-27,LOC0008
CUST03018,Deepika Gowda,New,2023-05-27,LOC0099
CUST03019,Anita Iyer,Regular,2023-02-12,LOC0096
CUST03020,Rohan Kumar,Loyal,2025-06-27,LOC0061
CUST03021,Pooja Joshi,Regular,2022-10-10,LOC0022
CUST03022,Ananya Deshmukh,Regular,2023-10-18,LOC0141
CUST03023,Arjun Joshi,Loyal,2023-09-18,LOC0081
CUST03024,Priya Verma,Regular,2023-07-22,LOC0005
CUST03025,Aditya Nair,Premium,2024-01-13,LOC0072
CUST03026,Rajesh Mehta,New,2024-09-22,LOC0020
CUST03027,Ananya Chawla,Regular,2025-02-13,LOC0100
CUST03028,Rohan Iyer,Loyal,2025-07-09,LOC0101
CUST03029,Pooja Iyer,Premium,2022-04-06,LOC0058
CUST03030,Aarav Pillai,Regular,2023-02-24,LOC0026
CUST03031,Rajesh Singh,Regular,2023-06-14,LOC0011
CUST03032,Aarav Das,Regular,2024-05-06,LOC0050
CUST03033,Anita Gupta,Regular,2024-02-22,LOC0037
CUST03034,Rajesh Bhat,Regular,2023-04-07,LOC0041
CUST03035,Karthik Sharma,Regular,2022-12-01,LOC0139
CUST03036,Anita Banerjee,Regular,2023-09-12,LOC0031
CUST03037,Meera Menon,Regular,2023-12-02,LOC0008
CUST03038,Rajesh Chawla,Loyal,2023-10-07,LOC0117
CUST03039,Rajesh Pillai,New,2022-07-15,LOC0061
CUST03040,Rohan Reddy,Regular,2024-11-13,LOC0092
CUST03041,Suresh Bhat,Regular,2024-07-18,LOC0048
CUST03042,Pooja Iyer,Loyal,2024-08-15,LOC0002
CUST03043,Rajesh Das,Loyal,2025-06-11,LOC0019
CUST03044,Sneha Joshi,Regular,2023-03-02,LOC0031
CUST03045,Karthik Kumar,Regular,2022-04-07,LOC0036
CUST03046,Aditya Menon,New,2024-12-09,LOC0020
CUST03047,Anita Reddy,Premium,2022-11-13,LOC0104
CUST03048,Divya Singh,Regular,2023-03-18,LOC0037
CUST03049,Meera Joshi,Regular,2023-12-06,LOC0020
CUST03050,Siddharth Das,New,2025-03-13,LOC0034
CUST03051,Anita Das,Regular,2022-11-14,LOC0096
CUST03052,Ananya Joshi,New,2024-07-30,LOC0130
CUST03053,Rajesh Reddy,Regular,2025-03-11,LOC0094
CUST03054,Aarav Bhat,New,2025-08-09,LOC0013
CUST03055,Aditya Rao,Regular,2024-07-14,LOC0088
CUST03056,Ananya Pillai,New,2023-05-10,LOC0035
CUST03057,Meera Nair,Regular,2022-10-02,LOC0144
CUST03058,Siddharth Sharma,Regular,2023-03-04,LOC0125
CUST03059,Suresh Nair,Regular,2024-09-15,LOC0068
CUST03060,Kavya Iyer,Regular,2023-12-27,LOC0019
CUST03061,Anita Das,New,2024-05-05,LOC0017
CUST03062,Sneha Gowda,New,2024-01-22,LOC0016
CUST03063,Rajesh Das,Loyal,2024-09-17,LOC0046
CUST03064,Priya Iyer,New,2023-01-30,LOC0110
CUST03065,Ananya Das,New,2025-05-03,LOC0113
CUST03066,Rajesh Reddy,Regular,2022-11-04,LOC0009
CUST03067,Divya Bhat,New,2024-06-20,LOC0004
CUST03068,Meera Singh,Loyal,2024-05-06,LOC0023
CUST03069,Rajesh Kumar,Regular,2024-03-17,LOC0084
CUST03070,Kavya Reddy,Regular,2023-09-02,LOC0120
CUST03071,Anita Bhat,New,2025-02-15,LOC0106
CUST03072,Deepika Singh,Loyal,2025-04-17,LOC0121
CUST03073,Divya Iyer,Loyal,2024-05-08,LOC0132
CUST03074,Meera Gupta,New,2024-11-02,LOC0138
CUST03075,Rohan Verma,New,2023-07-28,LOC0012
CUST03076,Anita Menon,New,2023-01-22,LOC0047
CUST03077,Pooja Gupta,Regular,2023-09-22,LOC0066
CUST03078,Kavya Joshi,New,2023-12-20,LOC0136
CUST03079,Siddharth Gowda,Regular,2022-07-02,LOC0110
CUST03080,Rajesh Gowda,Loyal,2024-09-14,LOC0065
CUST03081,Anita Banerjee,Premium,2024-04-06,LOC0078
CUST03082,Rahul Rao,Regular,2025-01-18,LOC0077
CUST03083,Vikram Gowda,New,2023-11-11,LOC0086
CUST03084,Karthik Singh,Regular,2022-02-26,LOC0101
CUST03085,Deepika Joshi,Premium,2022-09-24,LOC0094
CUST03086,Neha Gupta,Regular,2022-09-21,LOC0003
CUST03087,Anita Joshi,Regular,2022-11-05,LOC0011
CUST03088,Pooja Sharma,Loyal,2023-10-01,LOC0027
CUST03089,Priya Iyer,Premium,2024-02-27,LOC0130
CUST03090,Priya Menon,New,2022-02-03,LOC0037
CUST03091,Pooja Pillai,Regular,2023-02-19,LOC0014
CUST03092,Neha Nair,Regular,2022-03-07,LOC0104
CUST03093,Sneha Rao,Regular,2024-11-07,LOC0069
CUST03094,Rohan Nair,Regular,2025-07-03,LOC0022
CUST03095,Neha Pillai,Regular,2024-10-05,LOC0145
CUST03096,Ananya Sharma,Loyal,2025-03-11,LOC0107
CUST03097,Ananya Iyer,New,2022-11-12,LOC0087
CUST03098,Neha Das,Regular,2024-01-03,LOC0067
CUST03099,Deepika Joshi,New,2024-03-08,LOC0073
CUST03100,Meera Patel,Loyal,2024-05-10,LOC0049
CUST03101,Karthik Menon,Regular,2022-05-15,LOC0091
CUST03102,Rajesh Das,Regular,2022-03-06,LOC0060
CUST03103,Rohan Verma,Premium,2024-02-03,LOC0074
CUST03104,Deepika Gupta,New,2024-09-28,LOC0004
CUST03105,Rajesh Patel,New,2023-10-11,LOC0090
CUST03106,Ananya Gupta,Regular,2022-07-12,LOC0130
CUST03107,Pooja Iyer,Regular,2024-06-03,LOC0077
CUST03108,Priya Rao,Premium,2023-01-11,LOC0045
CUST03109,Sneha Das,Regular,2025-03-18,LOC0096
CUST03110,Rahul Reddy,New,2023-12-14,LOC0100
CUST03111,Ananya Chawla,New,2023-12-01,LOC0148
CUST03112,Aarav Mehta,New,2023-05-27,LOC0141
CUST03113,Anita Mehta,New,2023-09-22,LOC0068
CUST03114,Kavya Deshmukh,Regular,2023-01-18,LOC0033
CUST03115,Arjun Gupta,New,2024-07-31,LOC0074
CUST03116,Sneha Rao,Regular,2022-12-24,LOC0101
CUST03117,Aditya Nair,New,2023-06-14,LOC0003
CUST03118,Sneha Sharma,Premium,2024-04-13,LOC0055
CUST03119,Rahul Singh,New,2025-05-04,LOC0101
CUST03120,Priya Pillai,Regular,2022-12-17,LOC0048
CUST03121,Neha Bhat,New,2024-03-14,LOC0039
CUST03122,Kavya Kumar,New,2024-12-08,LOC0025
CUST03123,Ananya Bhat,Loyal,2024-09-30,LOC0108
CUST03124,Ananya Das,Regular,2022-09-03,LOC0139
CUST03125,Divya Banerjee,New,2023-04-30,LOC0004
CUST03126,Priya Iyer,New,2023-07-26,LOC0114
CUST03127,Vikram Menon,Premium,2023-10-13,LOC0086
CUST03128,Karthik Joshi,Regular,2023-10-09,LOC0140
CUST03129,Rajesh Nair,New,2023-05-12,LOC0109
CUST03130,Aditya Verma,Regular,2025-05-08,LOC0062
CUST03131,Neha Sharma,Regular,2022-06-04,LOC0118
CUST03132,Suresh Nair,Premium,2023-08-11,LOC0119
CUST03133,Aarav Menon,New,2022-10-30,LOC0114
CUST03134,Sneha Nair,New,2024-09-07,LOC0141
CUST03135,Arjun Chawla,New,2024-09-14,LOC0044
CUST03136,Deepika Nair,Loyal,2023-11-24,LOC0135
CUST03137,Suresh Bhat,Regular,2024-05-05,LOC0002
CUST03138,Rajesh Patel,Regular,2022-09-09,LOC0029
CUST03139,Arjun Gowda,Regular,2023-05-31,LOC0141
CUST03140,Rajesh Joshi,Regular,2024-04-21,LOC0119
CUST03141,Meera Nair,Regular,2023-12-14,LOC0025
CUST03142,Suresh Verma,Loyal,2022-02-24,LOC0087
CUST03143,Meera Gowda,New,2023-09-18,LOC0056
CUST03144,Aditya Menon,Regular,2024-03-17,LOC0149
CUST03145,Neha Banerjee,Loyal,2023-07-18,LOC0080
CUST03146,Priya Banerjee,New,2023-04-13,LOC0123
CUST03147,Ananya Nair,Regular,2022-10-29,LOC0076
CUST03148,Kavya Reddy,New,2024-09-21,LOC0040
CUST03149,Rohan Singh,Regular,2023-12-23,LOC0072
CUST03150,Vikram Banerjee,Premium,2023-01-12,LOC0108
CUST03151,Sneha Bhat,Regular,2024-02-24,LOC0051
CUST03152,Vikram Sharma,Premium,2022-12-03,LOC0054
CUST03153,Siddharth Reddy,New,2025-01-30,LOC0034
CUST03154,Karthik Deshmukh,Regular,2024-11-18,LOC0033
CUST03155,Priya Rao,New,2024-06-29,LOC0050
CUST03156,Vikram Banerjee,Loyal,2024-01-16,LOC0086
CUST03157,Divya Singh,Regular,2022-12-31,LOC0001
CUST03158,Ananya Das,Regular,2022-10-25,LOC0113
CUST03159,Sneha Mehta,New,2022-06-14,LOC0138
CUST03160,Rohan Sharma,Regular,2022-07-17,LOC0023
CUST03161,Rohan Deshmukh,Loyal,2023-08-24,LOC0011
CUST03162,Neha Bhat,Premium,2022-11-14,LOC0031
CUST03163,Aarav Singh,Loyal,2025-01-06,LOC0139
CUST03164,Rohan Menon,New,2023-07-23,LOC0042
CUST03165,Rohan Gupta,New,2024-01-05,LOC0125
CUST03166,Ananya Das,Premium,2023-12-30,LOC0095
CUST03167,Divya Mehta,,2025-01-11,LOC0011
CUST03168,Aditya Reddy,Loyal,2024-06-25,LOC0132
CUST03169,Sneha Das,New,2023-10-08,LOC0149
CUST03170,Siddharth Kumar,Premium,2022-03-09,LOC0113
CUST03171,Aditya Gupta,Regular,2022-11-25,LOC0049
CUST03172,Rajesh Chawla,Regular,2022-07-17,LOC0078
CUST03173,Aditya Nair,Loyal,2022-11-24,LOC0034
CUST03174,Aditya Reddy,New,2024-11-12,LOC0031
CUST03175,Vikram Singh,Regular,2024-11-25,LOC0106
CUST03176,Rahul Gowda,Regular,2022-12-04,LOC0069
CUST03177,Priya Banerjee,Regular,2024-01-25,LOC0011
CUST03178,Meera Menon,Regular,2023-10-09,LOC0026
CUST03179,Divya Reddy,Loyal,2022-10-11,LOC0080
CUST03180,Rohan Menon,New,2024-02-12,LOC0098
CUST03181,Arjun Gowda,Loyal,2024-10-13,LOC0062
CUST03182,Pooja Pillai,Regular,2025-03-26,LOC0094
CUST03183,Sneha Gowda,New,2023-04-21,LOC0063
CUST03184,Arjun Verma,New,2022-09-16,LOC0020
CUST03185,Sneha Banerjee,Regular,2023-06-10,LOC0008
CUST03186,Siddharth Das,Loyal,2024-07-12,LOC0100
CUST03187,Rajesh Singh,Regular,2023-03-25,LOC0117
CUST03188,Siddharth Joshi,Regular,2023-09-25,LOC0062
CUST03189,Rajesh Deshmukh,Premium,2023-09-22,LOC0099
CUST03190,Deepika Banerjee,Regular,2025-03-01,LOC0017
CUST03191,Siddharth Reddy,New,2023-05-22,LOC0088
CUST03192,Aarav Gowda,Regular,2024-07-27,LOC0003
CUST03193,Deepika Kumar,New,2022-07-14,LOC0088
CUST03194,Aditya Menon,Regular,2023-09-15,LOC0096
CUST03195,Aditya Kumar,Loyal,2022-11-20,LOC0029
CUST03196,Kavya Sharma,New,2024-10-20,LOC0071
CUST03197,Sneha Bhat,Regular,2023-08-01,LOC0047
CUST03198,Pooja Verma,Regular,2024-09-27,LOC0068
CUST03199,Rajesh Gupta,Premium,2024-11-16,LOC0041
CUST03200,Priya Kumar,New,2025-01-15,LOC0080
CUST03201,Ananya Pillai,Regular,2023-05-13,LOC0057
CUST03202,Karthik Rao,New,2025-07-20,LOC0005
CUST03203,Priya Deshmukh,Loyal,2024-07-24,LOC0092
CUST03204,Vikram Patel,Regular,2023-12-04,LOC0141
CUST03205,Anita Singh,Regular,2022-12-30,LOC0054
CUST03206,Siddharth Nair,Loyal,2024-11-20,LOC0130
CUST03207,Siddharth Singh,New,2023-11-15,LOC0128
CUST03208,Meera Gupta,Loyal,2024-10-21,LOC0042
CUST03209,Aarav Banerjee,Loyal,2024-08-28,LOC0088
CUST03210,Vikram Rao,New,2023-09-04,LOC0116
CUST03211,Divya Mehta,New,2022-12-14,LOC0105
CUST03212,Karthik Sharma,Regular,2023-08-17,LOC0016
CUST03213,Ananya Das,Premium,2025-01-25,LOC0113
CUST03214,Rohan Sharma,Regular,2023-05-26,LOC0133
CUST03215,Ananya Verma,Regular,2025-07-19,LOC0039
CUST03216,Neha Reddy,New,2023-10-11,LOC0048
CUST03217,Arjun Patel,New,2022-06-25,LOC0078
CUST03218,Rajesh Patel,Regular,2024-11-01,LOC0102
CUST03219,Rohan Deshmukh,New,2025-04-26,LOC0009
CUST03220,Arjun Mehta,Regular,2023-02-06,LOC0090
CUST03221,Suresh Mehta,Regular,2025-04-18,LOC0007
CUST03222,Neha Bhat,Loyal,2024-07-07,LOC0125
CUST03223,Sneha Reddy,Loyal,2025-03-09,LOC0091
CUST03224,Arjun Rao,Regular,2023-04-09,LOC0039
CUST03225,Karthik Rao,Loyal,2023-09-30,LOC0049
CUST03226,Deepika Menon,Regular,2022-10-05,LOC0074
CUST03227,Meera Rao,New,2023-02-19,LOC0034
CUST03228,Divya Iyer,Regular,2023-04-10,LOC0009
CUST03229,Rohan Verma,New,2024-12-18,LOC0118
CUST03230,Neha Mehta,Loyal,2023-07-19,LOC0031
CUST03231,Neha Gupta,New,2022-07-29,LOC0026
CUST03232,Priya Reddy,Regular,2022-09-23,LOC0091
CUST03233,Anita Rao,Regular,2024-02-14,LOC0144
CUST03234,Neha Iyer,Loyal,2024-03-06,LOC0112
CUST03235,Siddharth Gowda,Regular,2024-10-28,LOC0104
CUST03236,Rahul Pillai,New,2023-01-01,LOC0038
CUST03237,Arjun Reddy,Loyal,2025-06-22,LOC0042
CUST03238,Suresh Sharma,New,2022-05-30,LOC0075
CUST03239,Vikram Das,New,2024-02-05,LOC0145
CUST03240,Neha Nair,Regular,2023-08-22,LOC0015
CUST03241,Deepika Joshi,Loyal,2023-09-30,LOC0013
CUST03242,Kavya Deshmukh,Regular,2022-11-05,LOC0030
CUST03243,Siddharth Mehta,New,2024-04-07,LOC0126
CUST03244,Kavya Sharma,New,2024-03-13,LOC0081
CUST03245,Anita Kumar,New,2024-08-29,LOC0144
CUST03246,Aarav Iyer,New,2024-11-12,LOC0099
CUST03247,Ananya Banerjee,New,2024-06-17,LOC0103
CUST03248,Meera Das,Regular,2022-08-21,LOC0081
CUST03249,Meera Verma,Regular,2023-05-22,LOC0065
CUST03250,Neha Iyer,Premium,2022-09-23,LOC0110
CUST03251,Siddharth Iyer,New,2024-06-24,LOC0088
CUST03252,Siddharth Sharma,Regular,2024-10-26,LOC0024
CUST03253,Aditya Bhat,Regular,2024-05-12,LOC0083
CUST03254,Meera Das,Loyal,2022-11-29,LOC0123
CUST03255,Vikram Sharma,Premium,2023-02-13,LOC0112
CUST03256,Aarav Iyer,New,2024-07-23,LOC0128
CUST03257,Rohan Reddy,Regular,2022-10-11,LOC0052
CUST03258,Divya Menon,Regular,2023-09-25,LOC0137
CUST03259,Karthik Mehta,Regular,2024-07-15,LOC0134
CUST03260,Rohan Nair,New,2023-10-12,LOC0124
CUST03261,Deepika Nair,Regular,2024-01-17,LOC0100
CUST03262,Aarav Pillai,Premium,2024-06-23,LOC0148
CUST03263,Anita Menon,Regular,2024-02-26,LOC0140
CUST03264,Kavya Gupta,Loyal,2024-01-14,LOC0147
CUST03265,Pooja Gupta,Regular,2024-07-12,LOC0024
CUST03266,Aditya Joshi,Premium,2023-02-04,LOC0008
CUST03267,Rajesh Joshi,New,2023-05-26,LOC0032
CUST03268,Neha Patel,Loyal,2022-05-16,LOC0091
CUST03269,Sneha Deshmukh,Regular,2023-03-27,LOC0073
CUST03270,Karthik Kumar,New,2022-05-08,LOC0013
CUST03271,Divya Gowda,New,2023-06-18,LOC0079
CUST03272,Divya Deshmukh,Regular,2023-04-10,LOC0147
CUST03273,Karthik Kumar,regular,2024-01-20,LOC0052
CUST03274,Sneha Chawla,Loyal,2022-02-16,LOC0066
CUST03275,Ananya Sharma,New,2023-02-12,LOC0091
CUST03276,Kavya Deshmukh,Premium,2022-10-30,LOC0099
CUST03277,Rajesh Chawla,Regular,2022-08-29,LOC0119
CUST03278,Priya Bhat,Regular,2023-02-04,LOC0036
CUST03279,Aditya Rao,Regular,2023-02-16,LOC0013
CUST03280,Rajesh Pillai,New,2023-06-29,LOC0095
CUST03281,Neha Banerjee,Regular,2024-01-27,LOC0106
CUST03282,Divya Kumar,Regular,2022-11-22,LOC0081
CUST03283,Suresh Menon,Loyal,2024-07-28,LOC0146
CUST03284,Deepika Mehta,Regular,2025-02-05,LOC0073
CUST03285,Divya Rao,Loyal,2025-04-23,LOC0085
CUST03286,Pooja Rao,Loyal,2024-07-23,LOC0066
CUST03287,Pooja Menon,Loyal,2023-12-10,LOC0146
CUST03288,Rajesh Rao,New,2022-10-30,LOC0067
CUST03289,Karthik Kumar,Loyal,2024-04-18,LOC0070
CUST03290,Siddharth Sharma,New,2024-05-23,LOC0144
CUST03291,Kavya Verma,Regular,2023-02-03,LOC0129
CUST03292,Deepika Deshmukh,Regular,2024-04-23,LOC0137
CUST03293,Suresh Bhat,New,2022-11-26,LOC0064
CUST03294,Aarav Bhat,Regular,2022-09-27,LOC0016
CUST03295,Priya Deshmukh,New,2024-04-13,LOC0084
CUST03296,Suresh Das,Regular,2023-07-15,LOC0106
CUST03297,Meera Bhat,New,2025-03-23,LOC0033
CUST03298,Aarav Verma,Regular,2023-05-11,LOC0146
CUST03299,Pooja Mehta,Regular,2023-04-30,LOC0058
CUST03300,Aarav Reddy,Loyal,2022-10-20,LOC0035
CUST03301,Arjun Pillai,Loyal,2024-12-10,LOC0101
CUST03302,Suresh Menon,Regular,2022-12-26,LOC0085
CUST03303,Meera Sharma,Premium,2024-11-09,LOC0111
CUST03304,Rohan Bhat,New,2022-10-04,LOC0018
CUST03305,Sneha Gowda,Regular,2023-02-11,LOC0067
CUST03306,Aditya Mehta,New,2022-12-05,LOC0019
CUST03307,Anita Gowda,New,2022-08-14,LOC0053
CUST03308,Neha Gupta,New,2022-11-15,LOC0035
CUST03309,Kavya Gupta,New,2023-11-07,LOC0075
CUST03310,Divya Gupta,New,2022-05-21,LOC0005
CUST03311,Karthik Bhat,Loyal,2023-11-01,LOC0102
CUST03312,Anita Sharma,Regular,2024-07-03,LOC0081
CUST03313,Vikram Bhat,Premium,2023-09-05,LOC0150
CUST03314,Vikram Iyer,Regular,2023-12-14,LOC0125
CUST03315,Pooja Iyer,Premium,2023-02-01,LOC0049
CUST03316,Pooja Gupta,New,2022-09-19,LOC0040
CUST03317,Sneha Verma,Regular,2023-03-24,LOC0144
CUST03318,Siddharth Chawla,Regular,2023-05-27,LOC0047
CUST03319,Rahul Nair,Regular,2023-04-15,LOC0035
CUST03320,Vikram Menon,New,2022-09-13,LOC0035
CUST03321,Rahul Mehta,New,2022-07-02,LOC0056
CUST03322,Aarav Rao,New,2023-08-02,LOC0051
CUST03323,Karthik Pillai,Regular,2024-12-18,LOC0032
CUST03324,Divya Pillai,Regular,2025-02-08,LOC0003
CUST03325,Divya Reddy,Loyal,2024-01-16,LOC0089
CUST03326,Rahul Rao,Regular,2023-05-29,LOC0072
CUST03327,Arjun Verma,Loyal,2025-07-13,LOC0045
CUST03328,Rajesh Gowda,New,2024-12-04,LOC0125
CUST03329,Aarav Gupta,New,2024-08-18,LOC0034
CUST03330,Anita Kumar,Loyal,2022-07-20,LOC0149
CUST03331,Aarav Iyer,Premium,2024-05-17,LOC0042
CUST03332,Vikram Kumar,New,2025-05-26,LOC0096
CUST03333,Divya Singh,Regular,2024-07-20,LOC0140
CUST03334,Priya Deshmukh,New,2023-11-20,LOC0127
CUST03335,Siddharth Chawla,Loyal,2024-08-06,LOC0047
CUST03336,Ananya Mehta,New,2024-04-16,LOC0139
CUST03337,Karthik Reddy,New,2023-05-15,LOC0038
CUST03338,Rohan Nair,Loyal,2023-09-03,LOC0011
CUST03339,Rajesh Joshi,New,2023-07-26,LOC0137
CUST03340,Siddharth Banerjee,Regular,2025-06-13,LOC0064
CUST03341,Arjun Pillai,loyal,2024-05-09,LOC0020
CUST03342,Priya Reddy,New,2023-02-15,LOC0013
CUST03343,Karthik Banerjee,Premium,2023-08-09,LOC0089
CUST03344,Anita Chawla,Regular,2022-04-13,LOC0019
CUST03345,Ananya Deshmukh,Loyal,2024-07-15,LOC0010
CUST03346,Kavya Menon,Regular,2023-10-11,LOC0027
CUST03347,Deepika Menon,New,2024-08-06,LOC0091
CUST03348,Rahul Patel,New,2022-08-06,LOC0045
CUST03349,Meera Mehta,Regular,2023-05-06,LOC0057
CUST03350,Neha Nair,New,2023-12-26,LOC0075
CUST03351,Priya Mehta,Regular,2023-10-23,LOC0083
CUST03352,Siddharth Bhat,Loyal,2023-03-03,LOC0050
CUST03353,Aarav Gowda,New,2023-04-18,LOC0075
CUST03354,Karthik Sharma,Regular,2023-12-25,LOC0133
CUST03355,Deepika Bhat,Regular,2022-07-28,LOC0070
CUST03356,Neha Sharma,Loyal,2024-03-13,LOC0097
CUST03357,Sneha Iyer,New,2024-04-16,LOC0081
CUST03358,Karthik Deshmukh,Regular,2024-05-22,LOC0047
CUST03359,Arjun Nair,Regular,2024-03-28,LOC0082
CUST03360,Siddharth Nair,Regular,2024-12-13,LOC0128
CUST03361,Neha Nair,New,2024-02-02,LOC0040
CUST03362,Rohan Mehta,New,2024-01-13,LOC0022
CUST03363,Deepika Reddy,Regular,2024-10-17,LOC0095
CUST03364,Neha Reddy,New,2022-12-21,LOC0030
CUST03365,Divya Gupta,New,2023-05-15,LOC0082
CUST03366,Rajesh Mehta,Regular,2023-11-24,LOC0063
CUST03367,Vikram Chawla,Regular,2025-01-28,LOC0076
CUST03368,Neha Verma,New,2023-06-16,LOC0020
CUST03369,Siddharth Menon,New,2022-05-10,LOC0142
CUST03370,Arjun Gupta,Loyal,2023-06-24,LOC0138
CUST03371,Ananya Verma,Loyal,2024-03-24,LOC0137
CUST03372,Kavya Nair,New,2025-03-17,LOC0022
CUST03373,Vikram Patel,Regular,2024-12-13,LOC0020
CUST03374,Pooja Banerjee,Regular,2024-08-17,LOC0029
CUST03375,Anita Reddy,Regular,2023-12-01,LOC0107
CUST03376,Aditya Kumar,New,2023-04-13,LOC0150
CUST03377,Rahul Singh,Regular,2023-09-24,LOC0015
CUST03378,Pooja Reddy,Loyal,2022-01-22,LOC0011
CUST03379,Neha Bhat,Regular,2024-11-11,LOC0128
CUST03380,Suresh Deshmukh,Regular,2024-12-27,LOC0081
CUST03381,Aditya Mehta,Regular,2025-04-04,LOC0103
CUST03382,Priya Menon,New,2024-06-03,LOC0034
CUST03383,Neha Patel,Loyal,2022-07-17,LOC0112
CUST03384,Neha Iyer,New,2023-03-31,LOC0005
CUST03385,Rohan Verma,Regular,2023-01-23,LOC0065
CUST03386,Priya Kumar,Loyal,2024-12-13,LOC0131
CUST03387,Rajesh Patel,New,2024-03-12,LOC0115
CUST03388,Divya Bhat,Regular,2023-10-24,LOC0072
CUST03389,Suresh Patel,Regular,2022-07-16,LOC0132
CUST03390,Priya Gowda,Loyal,2023-02-18,LOC0057
CUST03391,Divya Chawla,Regular,2025-01-15,LOC0044
CUST03392,Ananya Sharma,Regular,2025-02-19,LOC0051
CUST03393,Anita Joshi,New,2024-04-03,LOC0102
CUST03394,Priya Sharma,New,2024-04-27,LOC0012
CUST03395,Neha Singh,Loyal,2025-02-21,LOC0136
CUST03396,Anita Sharma,Loyal,2024-01-21,LOC0042
CUST03397,Deepika Nair,Loyal,2024-04-05,LOC0145
CUST03398,Ananya Verma,Regular,2023-06-27,LOC0137
CUST03399,Neha Pillai,Loyal,2025-01-02,LOC0063
CUST03400,Neha Gowda,Regular,2025-03-09,LOC0129
CUST03401,Aditya Gupta,Regular,2024-12-26,LOC0124
CUST03402,Rohan Banerjee,Loyal,2024-04-23,LOC0030
CUST03403,Anita Mehta,New,2023-11-14,LOC0117
CUST03404,Divya Gowda,New,2025-04-12,LOC0028
CUST03405,Rohan Gupta,Loyal,2024-08-23,LOC0130
CUST03406,Arjun Rao,Regular,2022-07-30,LOC0026
CUST03407,Suresh Rao,Regular,2025-01-11,LOC0048
CUST03408,Deepika Iyer,Regular,2023-08-07,LOC0084
CUST03409,Aarav Mehta,New,2023-09-16,LOC0099
CUST03410,Ananya Chawla,Loyal,2024-02-23,LOC0095
CUST03411,Neha Sharma,Regular,2024-08-18,LOC0138
CUST03412,Siddharth Rao,Regular,2024-08-21,LOC0033
CUST03413,Karthik Chawla,Regular,2024-02-17,LOC0129
CUST03414,Sneha Bhat,Regular,2024-01-15,LOC0137
CUST03415,Anita Kumar,New,2024-05-12,LOC0128
CUST03416,Aarav Reddy,Regular,2023-02-11,LOC0097
CUST03417,Aditya Gowda,Regular,2024-08-09,LOC0044
CUST03418,Sneha Bhat,Regular,2023-04-04,LOC0083
CUST03419,Pooja Menon,Loyal,2023-12-15,LOC0145
CUST03420,Neha Joshi,Regular,2023-03-04,LOC0070
CUST03421,Aarav Pillai,Regular,2025-01-25,LOC0035
CUST03422,Deepika Sharma,New,2023-02-17,LOC0122
CUST03423,Deepika Chawla,New,2024-01-24,LOC0078
CUST03424,Karthik Bhat,New,2023-03-31,LOC0125
CUST03425,Aarav Gowda,Regular,2023-06-14,LOC0079
CUST03426,Meera Singh,New,2023-03-16,LOC0147
CUST03427,Siddharth Iyer,Loyal,2022-10-31,LOC0130
CUST03428,Priya Chawla,Loyal,2023-01-13,LOC0074
CUST03429,Suresh Joshi,Regular,2023-10-31,LOC0149
CUST03430,Anita Patel,Regular,2023-04-16,LOC0150
CUST03431,Siddharth Kumar,Regular,2022-08-03,LOC0043
CUST03432,Suresh Mehta,New,2023-11-26,LOC0044
CUST03433,Ananya Nair,New,2022-10-31,LOC0118
CUST03434,Aditya Kumar,New,2023-11-30,LOC0016
CUST03435,Anita Nair,Regular,2024-02-14,LOC0065
CUST03436,Priya Rao,Regular,2024-07-23,LOC0139
CUST03437,Arjun Verma,Regular,2023-11-23,LOC0079
CUST03438,Anita Gowda,New,2024-05-27,LOC0122
CUST03439,Priya Gowda,New,2023-09-06,LOC0061
CUST03440,Karthik Das,New,2023-02-12,LOC0001
CUST03441,Sneha Mehta,Regular,2023-03-07,LOC0027
CUST03442,Deepika Das,Loyal,2022-09-01,LOC0005
CUST03443,Sneha Mehta,New,2022-11-12,LOC0143
CUST03444,Rajesh Gupta,Regular,2023-11-27,LOC0076
CUST03445,Rajesh Verma,Loyal,2024-06-06,LOC0123
CUST03446,Aarav Patel,Regular,2023-08-01,LOC0042
CUST03447,Ananya Sharma,Regular,2024-08-12,LOC0053
CUST03448,Priya Verma,New,2023-06-09,LOC0076
CUST03449,Siddharth Reddy,Regular,2023-10-30,LOC0012
CUST03450,Siddharth Joshi,Loyal,2023-12-23,LOC0103
CUST03451,Sneha Nair,Regular,2025-03-19,LOC0010
CUST03452,Vikram Patel,Regular,2025-02-06,LOC0089
CUST03453,Divya Deshmukh,Loyal,2023-09-10,LOC0109
CUST03454,Neha Nair,New,2024-07-14,LOC0003
CUST03455,Arjun Kumar,New,2024-08-10,LOC0008
CUST03456,Pooja Deshmukh,New,2023-04-22,LOC0139
CUST03457,Rahul Das,New,2022-10-16,LOC0112
CUST03458,Priya Rao,New,2022-11-19,LOC0081
CUST03459,Rohan Reddy,New,2023-07-14,LOC0090
CUST03460,Neha Menon,Regular,2022-12-07,LOC0064
CUST03461,Neha Iyer,New,2025-07-06,LOC0121
CUST03462,Vikram Pillai,Loyal,2022-09-30,LOC0109
CUST03463,Anita Gowda,Regular,2024-05-21,LOC0089
CUST03464,Rahul Gowda,Regular,2023-01-10,LOC0047
CUST03465,Pooja Nair,New,2024-05-28,LOC0089
CUST03466,Rahul Patel,New,2022-10-04,LOC0129
CUST03467,Sneha Menon,New,2024-02-21,LOC0018
CUST03468,Ananya Banerjee,New,2022-03-29,LOC0093
CUST03469,Rohan Singh,New,2023-08-25,LOC0079
CUST03470,Kavya Das,Loyal,2022-09-16,LOC0092
CUST03471,Pooja Pillai,New,2024-04-24,LOC0076
CUST03472,Karthik Patel,Regular,2024-02-17,LOC0077
CUST03473,Rajesh Pillai,Loyal,2023-06-14,LOC0075
CUST03474,Deepika Gupta,Regular,2023-11-20,LOC0060
CUST03475,Anita Sharma,Regular,2023-03-28,LOC0032
CUST03476,Divya Iyer,New,2024-10-31,LOC0052
CUST03477,Suresh Menon,Regular,2023-12-11,LOC0010
CUST03478,Suresh Gowda,New,2025-01-12,LOC0143
CUST03479,Neha Deshmukh,New,2023-07-28,LOC0051
CUST03480,Anita Chawla,New,2023-08-18,LOC0017
CUST03481,Priya Pillai,New,2022-11-21,LOC0105
CUST03482,Arjun Joshi,New,2024-01-15,LOC0132
CUST03483,Suresh Bhat,Regular,2023-11-07,LOC0109
CUST03484,Arjun Kumar,Regular,2025-01-18,LOC0098
CUST03485,Meera Pillai,Regular,2025-02-01,LOC0042
CUST03486,Aditya Bhat,New,2023-10-12,LOC0058
CUST03487,Aditya Reddy,New,2023-11-16,LOC0148
CUST03488,Aditya Chawla,New,2025-05-10,LOC0088
CUST03489,Rajesh Bhat,Regular,2024-05-25,LOC0008
CUST03490,Priya Verma,New,2023-12-04,LOC0142
CUST03491,Kavya Bhat,Loyal,2024-06-20,LOC0060
CUST03492,Rahul Nair,Regular,2024-11-04,LOC0022
CUST03493,Divya Banerjee,New,2025-02-17,LOC0074
CUST03494,Pooja Mehta,Loyal,2024-09-04,LOC0132
CUST03495,Pooja Menon,Regular,2023-10-14,LOC0118
CUST03496,Karthik Nair,Loyal,2024-10-07,LOC0095
CUST03497,Meera Joshi,New,2024-02-07,LOC0147
CUST03498,Suresh Reddy,Loyal,2024-05-09,LOC0029
CUST03499,Ananya Nair,Regular,2023-01-01,LOC0113
CUST03500,Karthik Gowda,Loyal,2024-01-01,LOC0019
CUST03501,Pooja Banerjee,Loyal,2022-10-09,LOC0116
CUST03502,Karthik Sharma,Regular,2024-08-23,LOC0149
CUST03503,Siddharth Joshi,Loyal,2025-01-28,LOC0069
CUST03504,Arjun Chawla,Regular,2024-06-08,LOC0041
CUST03505,Aditya Banerjee,Regular,2023-02-01,LOC0047
CUST03506,Aarav Gupta,Loyal,2023-09-02,LOC0088
CUST03507,Anita Patel,Regular,2024-07-04,LOC0063
CUST03508,Meera Gowda,Regular,2023-08-30,LOC0087
CUST03509,Aarav Menon,Regular,2024-08-25,LOC0147
CUST03510,Neha Patel,New,2023-09-10,LOC0148
CUST03511,Rahul Reddy,Loyal,2024-08-19,LOC0109
CUST03512,Rajesh Gupta,New,2024-12-30,LOC0096
CUST03513,Rahul Banerjee,Loyal,2024-05-08,LOC0006
CUST03514,Karthik Sharma,New,2022-12-16,LOC0050
CUST03515,Aditya Sharma,New,2023-03-04,LOC0148
CUST03516,Rajesh Iyer,New,2023-09-07,LOC0137
CUST03517,Rajesh Deshmukh,New,2022-12-12,LOC0081
CUST03518,Kavya Chawla,Regular,2024-07-20,LOC0016
CUST03519,Rahul Gowda,Regular,2025-04-05,LOC0129
CUST03520,Ananya Kumar,New,2022-09-18,LOC0035
CUST03521,Karthik Gupta,Premium,2022-08-20,LOC0088
CUST03522,Suresh Deshmukh,New,2023-10-11,LOC0103
CUST03523,Karthik Iyer,Regular,2024-08-18,LOC0090
CUST03524,Deepika Mehta,Regular,2022-11-23,LOC0054
CUST03525,Deepika Verma,Regular,2022-01-13,LOC0086
CUST03526,Divya Iyer,Regular,2024-04-06,LOC0075
CUST03527,Kavya Iyer,Loyal,2023-01-10,LOC0099
CUST03528,Kavya Bhat,Regular,2023-11-29,LOC0048
CUST03529,Priya Patel,Regular,2023-04-14,LOC0064
CUST03530,Deepika Verma,Loyal,2022-06-15,LOC0131
CUST03531,Meera Deshmukh,Loyal,2024-01-10,LOC0008
CUST03532,Anita Menon,Regular,2024-07-23,LOC0097
CUST03533,Rahul Rao,New,2023-01-31,LOC0134
CUST03534,Siddharth Singh,New,2025-03-12,LOC0106
CUST03535,Priya Menon,Regular,2023-04-27,LOC0083
CUST03536,Arjun Joshi,Regular,2024-09-11,LOC0077
CUST03537,Siddharth Verma,New,2025-03-06,LOC0032
CUST03538,Anita Gowda,Premium,2023-05-19,LOC0126
CUST03539,Aarav Singh,New,2024-03-01,LOC0108
CUST03540,Vikram Banerjee,Regular,2023-08-06,LOC0067
CUST03541,Karthik Patel,New,2024-05-18,LOC0149
CUST03542,Rahul Gupta,Regular,2024-08-01,LOC0106
CUST03543,Ananya Chawla,Regular,2023-06-08,LOC0067
CUST03544,Deepika Sharma,Regular,2022-09-09,LOC0045
CUST03545,Siddharth Menon,Loyal,2023-07-25,LOC0070
CUST03546,Sneha Patel,Regular,2022-09-04,LOC0085
CUST03547,Karthik Reddy,New,2022-08-29,LOC0117
CUST03548,Arjun Sharma,Loyal,2024-10-25,LOC0109
CUST03549,Anita Patel,Loyal,2024-12-22,LOC0099
CUST03550,Siddharth Verma,Regular,2023-07-29,LOC0054
CUST03551,Suresh Iyer,Regular,2023-09-04,LOC0053
CUST03552,Karthik Das,New,2022-11-27,LOC0060
CUST03553,Pooja Deshmukh,New,2022-05-30,LOC0065
CUST03554,Aarav Menon,Premium,2024-09-23,LOC0029
CUST03555,Sneha Gupta,Premium,2024-08-06,LOC0108
CUST03556,Neha Gowda,New,2023-12-07,LOC0035
CUST03557,Neha Verma,Loyal,2022-10-28,LOC0044
CUST03558,Kavya Iyer,Regular,2022-03-30,LOC0092
CUST03559,Vikram Sharma,New,2024-10-01,LOC0072
CUST03560,Ananya Deshmukh,New,2023-09-10,LOC0070
CUST03561,Arjun Nair,Loyal,2023-08-31,LOC0062
CUST03562,Rohan Verma,New,2023-06-26,LOC0080
CUST03563,Vikram Reddy,New,2024-02-21,LOC0120
CUST03564,Anita Deshmukh,Premium,2024-11-16,LOC0100
CUST03565,Rajesh Chawla,Regular,2023-03-25,LOC0046
CUST03566,Meera Kumar,New,2023-04-27,LOC0075
CUST03567,Arjun Nair,Regular,2022-09-11,LOC0028
CUST03568,Deepika Verma,Regular,2023-06-29,LOC0079
CUST03569,Divya Patel,New,2023-02-08,LOC0056
CUST03570,Aarav Reddy,Regular,2023-05-10,LOC0115
CUST03571,Neha Verma,New,2024-12-21,LOC0009
CUST03572,Rahul Rao,Regular,2024-12-15,LOC0107
CUST03573,Rohan Bhat,Premium,2023-01-18,LOC0105
CUST03574,Rajesh Sharma,Regular,2023-12-09,LOC0120
CUST03575,Rahul Sharma,New,2023-03-10,LOC0127
CUST03576,Rahul Bhat,New,2023-01-21,LOC0119
CUST03577,Karthik Iyer,Regular,2024-11-04,LOC0009
CUST03578,Neha Nair,Regular,2023-03-06,LOC0053
CUST03579,Aditya Bhat,Regular,2025-01-10,LOC0131
CUST03580,Rohan Mehta,New,2022-09-15,LOC0048
CUST03581,Siddharth Joshi,Regular,2024-03-05,LOC0072
CUST03582,Priya Deshmukh,Regular,2024-06-11,LOC0043
CUST03583,Rohan Deshmukh,New,2024-04-07,LOC0066
CUST03584,Divya Verma,Loyal,2025-02-09,LOC0058
CUST03585,Pooja Reddy,New,2023-10-03,LOC0037
CUST03586,Aditya Sharma,New,2023-10-05,LOC0047
CUST03587,Rajesh Singh,Regular,2023-04-14,LOC0005
CUST03588,Pooja Pillai,Regular,2024-10-24,LOC0047
CUST03589,Aarav Gupta,Regular,2022-07-27,LOC0108
CUST03590,Sneha Joshi,Regular,2023-07-02,LOC0034
CUST03591,Rohan Pillai,Regular,2024-06-13,LOC0077
CUST03592,Aarav Reddy,Loyal,2025-04-12,LOC0089
CUST03593,Sneha Bhat,Regular,2023-03-25,LOC0029
CUST03594,Vikram Patel,New,2024-06-18,LOC0029
CUST03595,Anita Bhat,Regular,2023-05-09,LOC0111
CUST03596,Aditya Kumar,Loyal,2024-05-26,LOC0138
CUST03597,Siddharth Deshmukh,Regular,2023-06-04,LOC0132
CUST03598,Vikram Gupta,Loyal,2023-06-01,LOC0016
CUST03599,Suresh Banerjee,New,2023-07-02,LOC0117
CUST03600,Suresh Rao,Premium,2024-09-08,LOC0143
CUST03601,Rajesh Patel,New,2022-04-17,LOC0126
CUST03602,Rajesh Reddy,New,2024-02-09,LOC0077
CUST03603,Aditya Bhat,Regular,2024-11-16,LOC0052
CUST03604,Vikram Gupta,Regular,2023-03-11,LOC0072
CUST03605,Suresh Chawla,Regular,2023-11-18,LOC0011
CUST03606,Priya Rao,Regular,2024-11-26,LOC0136
CUST03607,Siddharth Chawla,New,2023-02-26,LOC0003
CUST03608,Neha Gupta,Loyal,2024-03-27,LOC0038
CUST03609,Sneha Joshi,Loyal,2025-06-18,LOC0054
CUST03610,Aarav Verma,Regular,2023-01-09,LOC0141
CUST03611,Kavya Kumar,New,2023-02-17,LOC0117
CUST03612,Priya Menon,Regular,2023-01-02,LOC0133
CUST03613,Rajesh Iyer,Regular,2023-07-16,LOC0031
CUST03614,Aarav Sharma,Regular,2024-11-12,LOC0024
CUST03615,Vikram Rao,New,2024-09-22,LOC0127
CUST03616,Karthik Bhat,Regular,2023-07-20,LOC0148
CUST03617,Deepika Verma,Loyal,2022-06-26,LOC0139
CUST03618,Rahul Kumar,Premium,2024-08-07,LOC0022
CUST03619,Anita Chawla,New,2023-01-20,LOC0100
CUST03620,Ananya Sharma,New,2024-06-14,LOC0132
CUST03621,Kavya Rao,Regular,2022-09-22,LOC0025
CUST03622,Kavya Pillai,Regular,2025-06-28,LOC0025
CUST03623,Rohan Joshi,Regular,2024-09-23,LOC0143
CUST03624,Siddharth Joshi,Premium,2022-09-11,LOC0147
CUST03625,Pooja Reddy,Loyal,2023-07-04,LOC0067
CUST03626,Aarav Iyer,Loyal,2023-01-24,LOC0083
CUST03627,Siddharth Chawla,New,2022-07-05,LOC0115
CUST03628,Rajesh Menon,Regular,2022-11-13,LOC0073
CUST03629,Siddharth Mehta,Regular,2023-08-20,LOC0038
CUST03630,Priya Verma,Loyal,2022-08-14,LOC0069
CUST03631,Aarav Reddy,Loyal,2024-03-03,LOC0139
CUST03632,Suresh Reddy,Regular,2024-08-21,LOC0057
CUST03633,Deepika Kumar,New,2023-06-02,LOC0101
CUST03634,Suresh Das,Regular,2024-10-14,LOC0018
CUST03635,Rahul Reddy,Regular,2022-12-25,LOC0092
CUST03636,Arjun Chawla,New,2023-01-05,LOC0057
CUST03637,Karthik Sharma,new,2023-10-25,LOC0023
CUST03638,Priya Gowda,New,2024-05-08,LOC0085
CUST03639,Priya Chawla,Loyal,2024-08-31,LOC0046
CUST03640,Rahul Das,Regular,2022-04-05,LOC0074
CUST03641,Aditya Patel,Regular,2023-02-16,LOC0119
CUST03642,Kavya Verma,New,2023-10-29,LOC0105
CUST03643,Rohan Reddy,New,2022-11-23,LOC0134
CUST03644,Rohan Sharma,New,2024-11-26,LOC0045
CUST03645,Vikram Bhat,Regular,2023-04-27,LOC0018
CUST03646,Vikram Sharma,Premium,2024-08-14,LOC0068
CUST03647,Sneha Sharma,Regular,2024-05-14,LOC0110
CUST03648,Rahul Rao,Regular,2023-07-07,LOC0098
CUST03649,Pooja Nair,Premium,2024-01-13,LOC0108
CUST03650,Pooja Mehta,New,2023-04-08,LOC0023
CUST03651,Aarav Das,Premium,2024-04-26,LOC0053
CUST03652,Pooja Deshmukh,New,2023-07-09,LOC0061
CUST03653,Divya Iyer,New,2023-06-18,LOC0137
CUST03654,Rahul Patel,Regular,2022-05-28,LOC0118
CUST03655,Neha Mehta,Regular,2022-05-18,LOC0131
CUST03656,Divya Mehta,Premium,2025-02-14,LOC0103
CUST03657,Vikram Singh,Loyal,2025-07-29,LOC0114
CUST03658,Divya Gowda,Loyal,2023-10-24,LOC0070
CUST03659,Pooja Deshmukh,Regular,2024-09-02,LOC0021
CUST03660,Rajesh Verma,New,2022-09-08,LOC0093
CUST03661,Divya Patel,Regular,2023-02-19,LOC0129
CUST03662,Pooja Reddy,Loyal,2023-06-26,LOC0081
CUST03663,Arjun Kumar,Loyal,2023-10-15,LOC0108
CUST03664,Aditya Gowda,New,2025-06-11,LOC0029
CUST03665,Rahul Chawla,New,2024-05-05,LOC0092
CUST03666,Siddharth Bhat,Regular,2022-10-22,LOC0103
CUST03667,Siddharth Kumar,Loyal,2024-05-24,LOC0023
CUST03668,Priya Menon,Regular,2024-06-24,LOC0051
CUST03669,Rohan Banerjee,New,2024-02-04,LOC0064
CUST03670,Divya Rao,Regular,2023-03-15,LOC0087
CUST03671,Pooja Banerjee,Regular,2024-07-22,LOC0046
CUST03672,Suresh Banerjee,Regular,2024-04-04,LOC0108
CUST03673,Aditya Mehta,New,2025-01-24,LOC0005
CUST03674,Priya Patel,New,2023-06-14,LOC0024
CUST03675,Sneha Kumar,New,2024-07-26,LOC0072
CUST03676,Neha Rao,New,2023-04-17,LOC0103
CUST03677,Deepika Banerjee,Regular,2022-06-02,LOC0062
CUST03678,Priya Banerjee,New,2022-08-11,LOC0015
CUST03679,Ananya Gupta,Regular,2024-07-09,LOC0115
CUST03680,Rajesh Menon,New,2024-09-17,LOC0013
CUST03681,Siddharth Verma,Loyal,2023-07-28,LOC0077
CUST03682,Meera Patel,Regular,2022-12-18,LOC0128
CUST03683,Rajesh Pillai,New,2023-08-24,LOC0107
CUST03684,Priya Mehta,Regular,2024-11-30,LOC0091
CUST03685,Deepika Verma,Regular,2023-01-06,LOC0026
CUST03686,Pooja Pillai,Loyal,2023-03-10,LOC0094
CUST03687,Priya Iyer,New,2025-05-26,LOC0113
CUST03688,Rahul Banerjee,New,2024-10-01,LOC0031
CUST03689,Neha Gowda,Regular,2024-02-27,LOC0114
CUST03690,Aarav Deshmukh,Regular,2024-12-29,LOC0120
CUST03691,Ananya Rao,New,2022-08-29,LOC0107
CUST03692,Aarav Gowda,Loyal,2023-06-21,LOC0029
CUST03693,Meera Reddy,Regular,2025-04-29,LOC0052
CUST03694,Rajesh Mehta,Loyal,2023-12-31,LOC0126
CUST03695,Anita Gupta,New,2023-04-09,LOC0059
CUST03696,Divya Gowda,New,2025-05-17,LOC0002
CUST03697,Pooja Gowda,Regular,2024-11-13,LOC0141
CUST03698,Sneha Pillai,New,2022-05-22,LOC0004
CUST03699,Siddharth Kumar,New,2024-12-19,LOC0035
CUST03700,Aditya Nair,Regular,2025-06-29,LOC0032
CUST03701,Ananya Mehta,Regular,2024-01-12,LOC0098
CUST03702,Karthik Singh,New,2024-04-24,LOC0121
CUST03703,Karthik Das,New,2024-02-19,LOC0031
CUST03704,Sneha Reddy,Regular,2023-10-12,LOC0015
CUST03705,Divya Kumar,New,2023-11-20,LOC0019
CUST03706,Aarav Gupta,Premium,2023-09-29,LOC0012
CUST03707,Suresh Singh,Regular,2023-07-28,LOC0055
CUST03708,Priya Menon,Regular,2024-09-03,LOC0057
CUST03709,Pooja Gowda,New,2024-01-02,LOC0017
CUST03710,Aarav Kumar,Regular,2024-12-03,LOC0109
CUST03711,Rohan Sharma,New,2024-12-18,LOC0059
CUST03712,Priya Das,Regular,2023-12-17,LOC0122
CUST03713,Anita Mehta,Regular,2022-11-02,LOC0104
CUST03714,Kavya Rao,New,2024-07-01,LOC0085
CUST03715,Anita Iyer,New,2022-11-18,LOC0084
CUST03716,Priya Singh,Loyal,2023-06-25,LOC0067
CUST03717,Vikram Deshmukh,Loyal,2024-08-04,LOC0150
CUST03718,Priya Joshi,New,2023-01-12,LOC0142
CUST03719,Priya Reddy,Loyal,2024-05-24,LOC0020
CUST03720,Meera Joshi,Regular,2023-03-29,LOC0060
CUST03721,Rajesh Deshmukh,Regular,2022-07-26,LOC0088
CUST03722,Vikram Mehta,New,2022-03-26,LOC0119
CUST03723,Aditya Sharma,Regular,2023-08-13,LOC0075
CUST03724,Sneha Singh,Regular,2024-07-29,LOC0119
CUST03725,Ananya Das,New,2024-02-24,LOC0027
CUST03726,Arjun Verma,Regular,2023-08-07,LOC0032
CUST03727,Siddharth Deshmukh,Regular,2024-01-20,LOC0059
CUST03728,Ananya Gupta,New,2024-03-24,LOC0082
CUST03729,Kavya Banerjee,Loyal,2025-02-25,LOC0048
CUST03730,Pooja Iyer,Regular,2023-12-28,LOC0084
CUST03731,Neha Mehta,New,2023-05-21,LOC0145
CUST03732,Siddharth Mehta,Premium,2023-07-10,LOC0104
CUST03733,Karthik Nair,Premium,2023-09-02,LOC0077
CUST03734,Karthik Chawla,New,2023-02-07,LOC0035
CUST03735,Aditya Gupta,Loyal,2024-02-21,LOC0018
CUST03736,Arjun Joshi,Premium,2024-09-30,LOC0141
CUST03737,Aditya Deshmukh,Regular,2024-05-10,LOC0036
CUST03738,Vikram Gupta,Loyal,2023-06-21,LOC0130
CUST03739,Deepika Verma,Loyal,2024-12-10,LOC0008
CUST03740,Suresh Banerjee,New,2024-02-09,LOC0060
CUST03741,Rahul Das,New,2023-05-26,LOC0002
CUST03742,Aarav Banerjee,Regular,2024-04-26,LOC0038
CUST03743,Rajesh Chawla,Regular,2025-07-26,LOC0084
CUST03744,Karthik Chawla,New,2024-10-26,LOC0003
CUST03745,Rahul Chawla,Regular,2022-07-14,LOC0122
CUST03746,Karthik Deshmukh,New,2022-12-16,LOC0089
CUST03747,Divya Iyer,New,2024-02-26,LOC0008
CUST03748,Suresh Singh,Regular,2025-03-01,LOC0047
CUST03749,Aditya Reddy,New,2024-05-28,LOC0053
CUST03750,Neha Nair,New,2022-07-06,LOC0124
CUST03751,Rohan Pillai,Regular,2024-04-22,LOC0126
CUST03752,Priya Deshmukh,New,2024-01-15,LOC0043
CUST03753,Pooja Nair,Regular,2024-08-12,LOC0140
CUST03754,Pooja Singh,Regular,2023-05-12,LOC0148
CUST03755,Ananya Das,Loyal,2025-05-23,LOC0027
CUST03756,Rajesh Sharma,New,2024-05-07,LOC0046
CUST03757,Neha Chawla,New,2024-06-06,LOC0141
CUST03758,Siddharth Nair,Regular,2023-03-02,LOC0069
CUST03759,Rohan Verma,Loyal,2023-12-10,LOC0007
CUST03760,Karthik Pillai,Loyal,2025-07-23,LOC0056
CUST03761,Rohan Mehta,Loyal,2023-12-24,LOC0011
CUST03762,Aarav Verma,New,2024-03-24,LOC0051
CUST03763,Divya Pillai,Regular,2023-06-16,LOC0072
CUST03764,Kavya Patel,New,2022-10-31,LOC0145
CUST03765,Karthik Chawla,New,2025-03-25,LOC0143
CUST03766,Kavya Bhat,Loyal,2025-01-13,LOC0102
CUST03767,Rahul Singh,Regular,2023-05-10,LOC0090
CUST03768,Deepika Gowda,Regular,2022-11-07,LOC0057
CUST03769,Kavya Reddy,Premium,2024-04-26,LOC0041
CUST03770,Meera Nair,New,2024-08-28,LOC0023
CUST03771,Rajesh Patel,Regular,2023-01-30,LOC0090
CUST03772,Pooja Bhat,Loyal,2022-07-26,LOC0033
CUST03773,Divya Pillai,Loyal,2024-04-04,LOC0085
CUST03774,Karthik Nair,Regular,2024-01-12,LOC0078
CUST03775,Arjun Bhat,New,2023-01-22,LOC0096
CUST03776,Aarav Banerjee,Loyal,2023-06-16,LOC0078
CUST03777,Divya Deshmukh,Loyal,2024-08-08,LOC0106
CUST03778,Aarav Nair,Regular,2024-06-20,LOC0003
CUST03779,Priya Bhat,New,2024-06-06,LOC0012
CUST03780,Rohan Das,Regular,2025-01-20,LOC0061
CUST03781,Siddharth Singh,Regular,2023-11-06,LOC0009
CUST03782,Neha Nair,New,2025-03-13,LOC0050
CUST03783,Neha Sharma,New,2023-06-15,LOC0092
CUST03784,Vikram Das,New,2024-05-06,LOC0085
CUST03785,Ananya Patel,Premium,2024-08-12,LOC0058
CUST03786,Pooja Joshi,New,2024-07-24,LOC0009
CUST03787,Aditya Bhat,Loyal,2024-07-28,LOC0142
CUST03788,Pooja Gupta,New,2022-09-02,LOC0063
CUST03789,Neha Kumar,Regular,2023-10-05,LOC0042
CUST03790,Vikram Sharma,Regular,2022-04-28,LOC0089
CUST03791,Anita Rao,Loyal,2023-03-09,LOC0069
CUST03792,Rohan Nair,Loyal,2022-05-08,LOC0114
CUST03793,Deepika Mehta,Premium,2025-02-08,LOC0035
CUST03794,Priya Reddy,Regular,2025-05-16,LOC0128
CUST03795,Rohan Deshmukh,New,2023-03-23,LOC0096
CUST03796,Rohan Sharma,Regular,2022-12-22,LOC0069
CUST03797,Rajesh Gupta,Regular,2023-05-02,LOC0026
CUST03798,Neha Mehta,New,2022-08-03,LOC0059
CUST03799,Sneha Rao,Loyal,2022-10-19,LOC0109
CUST03800,Siddharth Deshmukh,Regular,2022-12-23,LOC0131
CUST03801,Aditya Singh,Regular,2022-10-02,LOC0037
CUST03802,Deepika Chawla,New,2024-02-03,LOC0059
CUST03803,Rajesh Bhat,Loyal,2024-08-17,LOC0137
CUST03804,Rahul Reddy,New,2022-10-17,LOC0049
CUST03805,Priya Iyer,Loyal,2024-06-10,LOC0059
CUST03806,Sneha Sharma,New,2022-10-27,LOC0070
CUST03807,Vikram Patel,New,2023-12-25,LOC0027
CUST03808,Ananya Banerjee,Regular,2023-09-28,LOC0119
CUST03809,Siddharth Pillai,Regular,2024-11-19,LOC0033
CUST03810,Siddharth Reddy,Regular,2025-07-05,LOC0024
CUST03811,Kavya Singh,Regular,2024-05-11,LOC0083
CUST03812,Anita Patel,New,2022-09-05,LOC0002
CUST03813,Anita Deshmukh,Regular,2022-06-05,LOC0111
CUST03814,Aditya Bhat,Loyal,2025-06-02,LOC0054
CUST03815,Neha Bhat,Regular,2023-09-28,LOC0111
CUST03816,Sneha Menon,Regular,2023-05-21,LOC0088
CUST03817,Anita Kumar,Loyal,2023-03-02,LOC0015
CUST03818,Rahul Banerjee,Regular,2024-07-23,LOC0135
CUST03819,Anita Nair,Regular,2024-07-06,LOC0112
CUST03820,Meera Reddy,New,2024-08-23,LOC0045
CUST03821,Suresh Singh,Regular,2023-10-18,LOC0033
CUST03822,Neha Das,Loyal,2025-03-01,LOC0056
CUST03823,Rahul Das,Regular,2025-02-02,LOC0150
CUST03824,Anita Nair,New,2023-04-10,LOC0090
CUST03825,Priya Gowda,New,2023-09-26,LOC0104
CUST03826,Pooja Pillai,New,2024-04-22,LOC0106
CUST03827,Siddharth Nair,Loyal,2022-02-18,LOC0024
CUST03828,Neha Nair,New,2025-03-30,LOC0071
CUST03829,Rajesh Bhat,Loyal,2024-06-03,LOC0003
CUST03830,Deepika Chawla,New,2022-12-05,LOC0114
CUST03831,Divya Mehta,Loyal,2023-09-26,LOC0088
CUST03832,Ananya Bhat,New,2023-09-14,LOC0050
CUST03833,Meera Kumar,Regular,2022-03-16,LOC0005
CUST03834,Deepika Iyer,Regular,2024-12-31,LOC0022
CUST03835,Kavya Das,New,2024-03-25,LOC0046
CUST03836,Pooja Pillai,Regular,2023-02-11,LOC0057
CUST03837,Aarav Verma,Premium,2025-02-13,LOC0006
CUST03838,Vikram Pillai,New,2024-03-02,LOC0010
CUST03839,Siddharth Mehta,Loyal,2025-06-08,LOC0108
CUST03840,Ananya Deshmukh,Regular,2024-10-30,LOC0034
CUST03841,Arjun Banerjee,New,2024-08-19,LOC0091
CUST03842,Rajesh Joshi,New,2023-12-25,LOC0045
CUST03843,Divya Iyer,Regular,2024-09-10,LOC0109
CUST03844,Kavya Patel,Loyal,2025-02-22,LOC0051
CUST03845,Priya Sharma,New,2024-09-22,LOC0067
CUST03846,Rohan Chawla,Regular,2022-12-19,LOC0052
CUST03847,Aditya Das,New,2025-02-19,LOC0074
CUST03848,Arjun Pillai,Regular,2024-01-20,LOC0121
CUST03849,Aditya Banerjee,Loyal,2023-10-31,LOC0108
CUST03850,Ananya Chawla,Regular,2022-08-13,LOC0065
CUST03851,Neha Menon,Loyal,2025-03-26,LOC0072
CUST03852,Rohan Deshmukh,New,2024-12-12,LOC0088
CUST03853,Anita Pillai,Regular,2023-03-20,LOC0127
CUST03854,Rajesh Gupta,New,2023-08-07,LOC0047
CUST03855,Neha Kumar,New,2022-10-31,LOC0114
CUST03856,Siddharth Iyer,New,2022-10-11,LOC0057
CUST03857,Divya Joshi,Regular,2024-02-18,LOC0100
CUST03858,Karthik Bhat,Loyal,2023-06-14,LOC0092
CUST03859,Anita Das,Regular,2023-09-30,LOC0036
CUST03860,Rajesh Verma,New,2024-07-15,LOC0120
CUST03861,Suresh Chawla,Regular,2022-10-04,LOC0017
CUST03862,Aarav Menon,Loyal,2023-03-01,LOC0129
CUST03863,Rahul Deshmukh,Regular,2023-02-11,LOC0024
CUST03864,Siddharth Rao,Loyal,2024-09-26,LOC0005
CUST03865,Ananya Bhat,New,2024-01-12,LOC0137
CUST03866,Divya Verma,Regular,2023-12-11,LOC0106
CUST03867,Pooja Rao,New,2023-10-12,LOC0134
CUST03868,Arjun Pillai,New,2024-01-15,LOC0097
CUST03869,Karthik Das,Loyal,2023-02-20,LOC0107
CUST03870,Vikram Mehta,Loyal,2023-10-22,LOC0142
CUST03871,Rohan Das,Regular,2022-11-29,LOC0023
CUST03872,Suresh Menon,New,2022-04-18,LOC0016
CUST03873,Meera Nair,New,2024-07-22,LOC0029
CUST03874,Suresh Kumar,Regular,2022-08-24,LOC0117
CUST03875,Anita Mehta,Regular,2023-10-15,LOC0061
CUST03876,Divya Verma,New,2025-01-19,LOC0010
CUST03877,Kavya Pillai,Regular,2025-03-11,LOC0109
CUST03878,Kavya Gupta,Regular,2024-01-28,LOC0124
CUST03879,Arjun Sharma,Regular,2023-10-03,LOC0031
CUST03880,Vikram Nair,Loyal,2023-12-04,LOC0106
CUST03881,Meera Bhat,Regular,2022-11-21,LOC0021
CUST03882,Suresh Pillai,Regular,2024-02-07,LOC0130
CUST03883,Arjun Banerjee,Regular,2024-06-08,LOC0012
CUST03884,Arjun Bhat,Regular,2022-12-29,LOC0078
CUST03885,Neha Banerjee,Loyal,2023-10-05,LOC0129
CUST03886,Aditya Sharma,Loyal,2024-10-18,LOC0083
CUST03887,Pooja Bhat,Regular,2023-03-14,LOC0031
CUST03888,Ananya Singh,Regular,2024-06-30,LOC0144
CUST03889,Rohan Gowda,New,2024-05-09,LOC0114
CUST03890,Aditya Gupta,Loyal,2025-02-03,LOC0016
CUST03891,Aditya Nair,Regular,2024-10-20,LOC0004
CUST03892,Rajesh Bhat,Loyal,2024-11-26,LOC0131
CUST03893,Rohan Bhat,Regular,2024-11-09,LOC0041
CUST03894,Anita Reddy,Premium,2024-05-20,LOC0083
CUST03895,Arjun Rao,Regular,2022-08-09,LOC0118
CUST03896,Aarav Gowda,Regular,2024-09-18,LOC0079
CUST03897,Neha Mehta,New,2022-12-30,LOC0041
CUST03898,Rajesh Gowda,Premium,2024-09-17,LOC0061
CUST03899,Rohan Rao,New,2023-05-23,LOC0005
CUST03900,Sneha Bhat,New,2023-04-27,LOC0116
CUST03901,Aditya Menon,Loyal,2022-12-06,LOC0088
CUST03902,Karthik Gupta,Premium,2024-01-11,LOC0067
CUST03903,Suresh Nair,Loyal,2023-04-09,LOC0144
CUST03904,Siddharth Rao,Loyal,2024-11-18,LOC0038
CUST03905,Rohan Pillai,Regular,2022-07-24,LOC0107
CUST03906,Aarav Mehta,Regular,2023-03-03,LOC0070
CUST03907,Priya Joshi,Loyal,2023-07-30,LOC0149
CUST03908,Ananya Patel,Loyal,2024-04-17,LOC0065
CUST03909,Rajesh Reddy,New,2023-07-09,LOC0024
CUST03910,Arjun Pillai,New,2023-04-05,LOC0122
CUST03911,Deepika Reddy,New,2024-03-10,LOC0077
CUST03912,Ananya Gupta,New,2024-05-25,LOC0139
CUST03913,Rohan Pillai,Regular,2023-11-27,LOC0039
CUST03914,Deepika Chawla,Loyal,2022-09-20,LOC0076
CUST03915,Suresh Joshi,Regular,2024-10-23,LOC0005
CUST03916,Suresh Banerjee,Premium,2023-09-14,LOC0087
CUST03917,Neha Pillai,New,2022-11-21,LOC0023
CUST03918,Anita Sharma,Regular,2025-01-13,LOC0029
CUST03919,Aditya Patel,Regular,2025-01-02,LOC0121
CUST03920,Vikram Sharma,New,2022-04-24,LOC0136
CUST03921,Aarav Rao,New,2022-06-18,LOC0117
CUST03922,Neha Chawla,New,2024-08-12,LOC0068
CUST03923,Arjun Joshi,Regular,2023-03-28,LOC0048
CUST03924,Rahul Banerjee,Loyal,2024-05-08,LOC0125
CUST03925,Rohan Nair,Loyal,2025-01-18,LOC0076
CUST03926,Vikram Kumar,New,2024-08-13,LOC0096
CUST03927,Deepika Sharma,Premium,2022-06-08,LOC0040
CUST03928,Karthik Das,Regular,2022-09-05,LOC0047
CUST03929,Siddharth Bhat,New,2023-07-03,LOC0016
CUST03930,Aditya Pillai,New,2023-05-16,LOC0076
CUST03931,Rahul Reddy,Regular,2022-11-24,LOC0011
CUST03932,Kavya Chawla,Regular,2024-01-19,LOC0021
CUST03933,Karthik Das,Premium,2024-07-07,LOC0005
CUST03934,Aditya Singh,New,2023-10-26,LOC0038
CUST03935,Rajesh Pillai,Regular,2022-12-31,LOC0133
CUST03936,Aditya Chawla,New,2023-05-06,LOC0033
CUST03937,Ananya Mehta,Regular,2024-09-12,LOC0119
CUST03938,Deepika Banerjee,New,2023-03-24,LOC0150
CUST03939,Sneha Bhat,Premium,2024-02-27,LOC0125
CUST03940,Neha Reddy,New,2025-08-07,LOC0066
CUST03941,Suresh Mehta,Regular,2023-03-17,LOC0106
CUST03942,Vikram Sharma,New,2023-08-19,LOC0102
CUST03943,Karthik Bhat,New,2023-04-30,LOC0046
CUST03944,Sneha Mehta,Regular,2023-10-20,LOC0040
CUST03945,Deepika Gowda,Loyal,2023-04-05,LOC0083
CUST03946,Meera Mehta,Regular,2023-09-01,LOC0119
CUST03947,Karthik Menon,New,2023-10-14,LOC0112
CUST03948,Priya Rao,New,2024-02-12,LOC0045
CUST03949,Siddharth Menon,New,2022-12-03,LOC0084
CUST03950,Suresh Gupta,Premium,2022-05-26,LOC0040
CUST03951,Aditya Sharma,New,2022-12-21,LOC0018
CUST03952,Ananya Pillai,Premium,2022-11-08,LOC0018
CUST03953,Pooja Rao,Regular,2025-05-24,LOC0073
CUST03954,Rajesh Iyer,New,2023-07-16,LOC0031
CUST03955,Suresh Bhat,Loyal,2023-03-18,LOC0039
CUST03956,Anita Deshmukh,Regular,2022-11-28,LOC0139
CUST03957,Rahul Mehta,New,2023-01-12,LOC0035
CUST03958,Aarav Joshi,New,2024-11-06,LOC0039
CUST03959,Neha Rao,New,2024-11-10,LOC0060
CUST03960,Meera Chawla,Regular,2024-02-09,LOC0027
CUST03961,Siddharth Gowda,Loyal,2023-04-04,LOC0033
CUST03962,Rajesh Gowda,Regular,2024-10-09,LOC0095
CUST03963,Vikram Sharma,New,2024-03-18,LOC0094
CUST03964,Aarav Pillai,New,2023-04-14,LOC0105
CUST03965,Suresh Chawla,New,2023-02-19,LOC0123
CUST03966,Pooja Sharma,Regular,2023-04-06,LOC0079
CUST03967,Priya Nair,Regular,2023-03-10,LOC0019
CUST03968,Meera Menon,New,2024-12-10,LOC0104
CUST03969,Ananya Deshmukh,Regular,2023-09-15,LOC0051
CUST03970,Rohan Deshmukh,Regular,2022-09-07,LOC0058
CUST03971,Rajesh Nair,Loyal,2023-05-08,LOC0086
CUST03972,Rajesh Menon,Regular,2024-07-22,LOC0051
CUST03973,Arjun Gupta,New,2022-06-21,LOC0049
CUST03974,Neha Kumar,New,2023-05-04,LOC0115
CUST03975,Deepika Sharma,New,2024-01-03,LOC0111
CUST03976,Anita Chawla,New,2024-12-29,LOC0058
CUST03977,Rohan Sharma,Regular,2024-05-18,LOC0121
CUST03978,Rohan Menon,Regular,2025-02-08,LOC0121
CUST03979,Anita Das,Premium,2024-03-25,LOC0062
CUST03980,Neha Gowda,New,2023-02-22,LOC0021
CUST03981,Aditya Gupta,Regular,2022-09-30,LOC0019
CUST03982,Sneha Banerjee,Regular,2023-12-19,LOC0089
CUST03983,Rohan Patel,New,2025-01-22,LOC0116
CUST03984,Deepika Mehta,Regular,2023-02-02,LOC0064
CUST03985,Priya Mehta,Loyal,2024-09-30,LOC0126
CUST03986,Aarav Verma,Loyal,2022-08-20,LOC0063
CUST03987,Aarav Kumar,New,2025-01-21,LOC0080
CUST03988,Siddharth Sharma,New,2024-05-06,LOC0140
CUST03989,Rohan Gowda,Regular,2024-11-16,LOC0054
CUST03990,Aditya Nair,Regular,2023-08-13,LOC0132
CUST03991,Anita Gowda,Regular,2024-05-11,LOC0072
CUST03992,Aarav Pillai,New,2023-10-08,LOC0004
CUST03993,Rahul Nair,New,2024-02-08,LOC0087
CUST03994,Aditya Kumar,Loyal,2023-04-04,LOC0053
CUST03995,Kavya Joshi,New,2022-10-15,LOC0052
CUST03996,Arjun Menon,Loyal,2023-03-10,LOC0068
CUST03997,Suresh Banerjee,Regular,2025-01-23,LOC0111
CUST03998,Suresh Menon,Regular,2023-07-29,LOC0011
CUST03999,Ananya Patel,Regular,2024-02-15,LOC0024
CUST04000,Pooja Rao,Regular,2023-02-24,LOC0052
CUST04001,Vikram Mehta,New,2022-10-02,LOC0025
CUST04002,Siddharth Gowda,New,2024-02-06,LOC0013
CUST04003,Aditya Rao,New,2024-08-01,LOC0031
CUST04004,Aditya Verma,New,2023-11-11,LOC0041
CUST04005,Rahul Rao,Regular,2024-09-11,LOC0121
CUST04006,Meera Deshmukh,New,2023-08-22,LOC0072
CUST04007,Ananya Gowda,Loyal,2024-07-20,LOC0036
CUST04008,Arjun Iyer,New,2024-06-25,LOC0017
CUST04009,Rohan Menon,Regular,2023-02-24,LOC0063
CUST04010,Divya Deshmukh,Loyal,2023-08-08,LOC0034
CUST04011,Neha Rao,Regular,2024-07-06,LOC0148
CUST04012,Aarav Das,New,2025-05-31,LOC0004
CUST04013,Aditya Iyer,New,2023-02-05,LOC0005
CUST04014,Meera Gowda,Loyal,2022-05-23,LOC0056
CUST04015,Suresh Mehta,Regular,2023-11-11,LOC0014
CUST04016,Ananya Mehta,Loyal,2023-02-12,LOC0112
CUST04017,Sneha Verma,Loyal,2024-11-13,LOC0136
CUST04018,Rohan Chawla,Regular,2024-12-22,LOC0003
CUST04019,Rajesh Patel,Regular,2025-05-25,LOC0056
CUST04020,Rajesh Patel,Regular,2022-12-08,LOC0061
CUST04021,Vikram Das,New,2022-11-16,LOC0068
CUST04022,Arjun Pillai,Regular,2024-01-29,LOC0120
CUST04023,Sneha Rao,Premium,2024-06-15,LOC0048
CUST04024,Ananya Verma,Regular,2024-02-19,LOC0137
CUST04025,Vikram Pillai,Premium,2025-01-31,LOC0127
CUST04026,Rahul Singh,New,2024-05-21,LOC0036
CUST04027,Pooja Gowda,Loyal,2022-12-11,LOC0074
CUST04028,Kavya Banerjee,New,2023-03-23,LOC0143
CUST04029,Anita Patel,New,2023-11-26,LOC0100
CUST04030,Sneha Banerjee,Loyal,2023-07-02,LOC0073
CUST04031,Aditya Mehta,Regular,2025-03-18,LOC0043
CUST04032,Sneha Reddy,New,2024-03-18,LOC0127
CUST04033,Divya Mehta,New,2023-08-23,LOC0105
CUST04034,Divya Reddy,New,2024-02-01,LOC0109
CUST04035,Aarav Kumar,Loyal,2024-10-17,LOC0040
CUST04036,Aditya Sharma,Loyal,2023-05-15,LOC0091
CUST04037,Rohan Das,New,2023-04-26,LOC0007
CUST04038,Arjun Sharma,Regular,2024-02-22,LOC0059
CUST04039,Rohan Chawla,New,2024-07-28,LOC0025
CUST04040,Ananya Das,New,2023-07-01,LOC0147
CUST04041,Vikram Nair,New,2023-06-29,LOC0020
CUST04042,Rajesh Joshi,New,2023-10-23,LOC0146
CUST04043,Aditya Singh,Regular,2023-02-01,LOC0025
CUST04044,Rahul Pillai,Regular,2022-05-03,LOC0082
CUST04045,Priya Bhat,Regular,2025-01-06,LOC0135
CUST04046,Anita Mehta,Loyal,2025-02-04,LOC0077
CUST04047,Aditya Bhat,Regular,2023-11-27,LOC0085
CUST04048,Priya Gowda,Regular,2023-03-21,LOC0083
CUST04049,Meera Singh,Regular,2024-01-01,LOC0144
CUST04050,Anita Sharma,New,2024-05-27,LOC0120
CUST04051,Neha Rao,Loyal,2023-05-15,LOC0122
CUST04052,Rohan Gowda,Loyal,2023-04-26,LOC0002
CUST04053,Priya Bhat,Regular,2023-03-14,LOC0007
CUST04054,Divya Deshmukh,Loyal,2023-04-10,LOC0049
CUST04055,Vikram Menon,Loyal,2023-05-14,LOC0055
CUST04056,Vikram Gupta,New,2024-08-15,LOC0104
CUST04057,Ananya Nair,New,2024-10-18,LOC0035
CUST04058,Neha Mehta,New,2023-05-31,LOC0048
CUST04059,Karthik Deshmukh,New,2024-05-30,LOC0041
CUST04060,Anita Joshi,New,2022-06-26,LOC0012
CUST04061,Neha Sharma,Regular,2022-06-17,LOC0065
CUST04062,Aarav Iyer,New,2024-02-20,LOC0049
CUST04063,Neha Banerjee,New,2023-06-08,LOC0036
CUST04064,Pooja Deshmukh,New,2022-04-11,LOC0135
CUST04065,Deepika Sharma,Loyal,2023-05-31,LOC0085
CUST04066,Rohan Joshi,New,2024-07-23,LOC0088
CUST04067,Aditya Verma,Regular,2023-04-16,LOC0112
CUST04068,Deepika Menon,Premium,2023-06-21,LOC0142
CUST04069,Priya Sharma,Loyal,2025-01-02,LOC0101
CUST04070,Kavya Gupta,Loyal,2022-06-29,LOC0048
CUST04071,Divya Reddy,Regular,2024-03-15,LOC0116
CUST04072,Arjun Gupta,Regular,2024-01-22,LOC0130
CUST04073,Ananya Mehta,Regular,2025-01-15,LOC0077
CUST04074,Aarav Pillai,Regular,2023-07-31,LOC0143
CUST04075,Kavya Mehta,New,2023-11-23,LOC0081
CUST04076,Suresh Kumar,New,2024-07-30,LOC0074
CUST04077,Ananya Deshmukh,New,2022-11-04,LOC0014
CUST04078,Meera Singh,Regular,2024-11-13,LOC0112
CUST04079,Sneha Banerjee,Regular,2023-12-20,LOC0117
CUST04080,Sneha Bhat,Loyal,2025-05-11,LOC0111
CUST04081,Aarav Verma,New,2024-08-21,LOC0104
CUST04082,Suresh Das,Loyal,2024-06-27,LOC0104
CUST04083,Siddharth Chawla,Regular,2023-09-11,LOC0147
CUST04084,Rahul Menon,New,2024-02-18,LOC0054
CUST04085,Arjun Bhat,Regular,2024-03-07,LOC0147
CUST04086,Rajesh Gowda,New,2022-10-15,LOC0020
CUST04087,Suresh Chawla,Loyal,2024-08-09,LOC0081
CUST04088,Aarav Kumar,New,2024-02-19,LOC0054
CUST04089,Divya Chawla,New,2023-03-12,LOC0033
CUST04090,Kavya Bhat,New,2025-02-22,LOC0098
CUST04091,Priya Nair,Loyal,2023-11-16,LOC0137
CUST04092,Rohan Patel,Regular,2024-04-07,LOC0074
CUST04093,Rahul Rao,Regular,2022-09-11,LOC0002
CUST04094,Neha Pillai,New,2024-06-20,LOC0042
CUST04095,Arjun Bhat,Premium,2024-03-25,LOC0078
CUST04096,Pooja Nair,Regular,2022-07-24,LOC0088
CUST04097,Karthik Banerjee,Loyal,2023-05-28,LOC0017
CUST04098,Suresh Banerjee,New,2025-05-08,LOC0033
CUST04099,Suresh Gowda,New,2023-06-12,LOC0015
CUST04100,Anita Kumar,New,2023-12-30,LOC0134
CUST04101,Rohan Gupta,Regular,2024-01-19,LOC0066
CUST04102,Sneha Mehta,Regular,2023-11-19,LOC0148
CUST04103,Siddharth Mehta,Regular,2025-01-29,LOC0084
CUST04104,Karthik Menon,New,2024-03-19,LOC0100
CUST04105,Anita Rao,New,2025-05-25,LOC0114
CUST04106,Aditya Patel,New,2025-04-14,LOC0140
CUST04107,Vikram Chawla,New,2023-12-18,LOC0103
CUST04108,Priya Chawla,Regular,2023-07-19,LOC0082
CUST04109,Suresh Chawla,Regular,2023-07-16,LOC0128
CUST04110,Suresh Mehta,Loyal,2023-06-20,LOC0092
CUST04111,Sneha Patel,Regular,2023-06-22,LOC0121
CUST04112,Aarav Sharma,Regular,2024-01-05,LOC0135
CUST04113,Suresh Chawla,New,2024-08-28,LOC0034
CUST04114,Ananya Das,Regular,2024-01-24,LOC0098
CUST04115,Rahul Patel,Loyal,2023-04-12,LOC0066
CUST04116,Siddharth Iyer,Premium,2023-12-07,LOC0121
CUST04117,Aarav Reddy,Regular,2023-04-14,LOC0136
CUST04118,Anita Chawla,Loyal,2024-05-31,LOC0060
CUST04119,Meera Verma,Premium,2024-03-07,LOC0006
CUST04120,Divya Gupta,Loyal,2025-05-30,LOC0077
CUST04121,Siddharth Reddy,New,2024-02-21,LOC0106
CUST04122,Ananya Joshi,New,2024-06-13,LOC0137
CUST04123,Deepika Singh,Regular,2023-07-02,LOC0069
CUST04124,Aarav Bhat,Loyal,2024-03-08,LOC0017
CUST04125,Meera Menon,Loyal,2024-10-02,LOC0148
CUST04126,Vikram Singh,New,2022-12-16,LOC0143
CUST04127,Arjun Das,Regular,2024-03-01,LOC0070
CUST04128,Pooja Joshi,Regular,2024-03-30,LOC0053
CUST04129,Aditya Deshmukh,Regular,2024-01-04,LOC0004
CUST04130,Meera Rao,Loyal,2022-11-26,LOC0005
CUST04131,Rajesh Gowda,New,2023-05-01,LOC0111
CUST04132,Deepika Singh,Loyal,2023-01-13,LOC0012
CUST04133,Rohan Das,New,2023-12-10,LOC0036
CUST04134,Siddharth Menon,Loyal,2024-04-16,LOC0049
CUST04135,Vikram Verma,Regular,2022-12-14,LOC0145
CUST04136,Karthik Deshmukh,Regular,2024-02-04,LOC0112
CUST04137,Deepika Das,New,2024-09-06,LOC0080
CUST04138,Divya Singh,New,2023-07-04,LOC0041
CUST04139,Suresh Banerjee,Loyal,2025-03-04,LOC0082
CUST04140,Suresh Mehta,New,2023-06-20,LOC0071
CUST04141,Divya Nair,New,2024-06-21,LOC0057
CUST04142,Divya Sharma,Regular,2023-02-10,LOC0141
CUST04143,Deepika Singh,Loyal,2024-01-22,LOC0108
CUST04144,Pooja Banerjee,New,2022-12-26,LOC0114
CUST04145,Aarav Mehta,Regular,2022-12-12,LOC0055
CUST04146,Rohan Das,Loyal,2025-02-23,LOC0136
CUST04147,Rohan Pillai,New,2023-08-25,LOC0039
CUST04148,Vikram Mehta,Regular,2024-10-18,LOC0088
CUST04149,Divya Menon,Premium,2023-11-24,LOC0006
CUST04150,Vikram Rao,New,2024-02-08,LOC0037
CUST04151,Meera Patel,Premium,2024-02-14,LOC0129
CUST04152,Aarav Reddy,Regular,2023-05-27,LOC0121
CUST04153,Rajesh Verma,New,2024-12-08,LOC0110
CUST04154,Siddharth Gowda,New,2023-11-29,LOC0115
CUST04155,Anita Singh,New,2023-08-08,LOC0149
CUST04156,Siddharth Iyer,Regular,2024-05-04,LOC0114
CUST04157,Rahul Joshi,New,2024-05-19,LOC0135
CUST04158,Anita Gowda,Loyal,2024-01-18,LOC0011
CUST04159,Arjun Pillai,Regular,2022-06-19,LOC0091
CUST04160,Rahul Deshmukh,Regular,2022-04-27,LOC0143
CUST04161,Sneha Banerjee,New,2024-04-14,LOC0100
CUST04162,Anita Gupta,Regular,2023-01-12,LOC0141
CUST04163,Divya Gupta,Premium,2022-05-01,LOC0040
CUST04164,Meera Mehta,Regular,2023-04-25,LOC0061
CUST04165,Priya Nair,Regular,2025-06-19,LOC0008
CUST04166,Rahul Iyer,New,2024-09-11,LOC0140
CUST04167,Rajesh Gowda,Loyal,2024-01-28,LOC0100
CUST04168,Priya Banerjee,Regular,2025-02-06,LOC0007
CUST04169,Meera Sharma,Loyal,2023-07-12,LOC0010
CUST04170,Ananya Pillai,Regular,2022-07-20,LOC0057
CUST04171,Vikram Bhat,Regular,2022-08-17,LOC0100
CUST04172,Kavya Rao,Regular,2025-02-26,LOC0131
CUST04173,Divya Kumar,Loyal,2024-09-04,LOC0117
CUST04174,Kavya Joshi,New,2024-02-13,LOC0126
CUST04175,Suresh Menon,Loyal,2024-11-02,LOC0133
CUST04176,Kavya Gupta,New,2023-07-09,LOC0115
CUST04177,Meera Pillai,Loyal,2024-09-29,LOC0026
CUST04178,Arjun Patel,Regular,2023-06-22,LOC0088
CUST04179,Rahul Pillai,Regular,2024-08-03,LOC0009
CUST04180,Rohan Banerjee,Regular,2024-01-24,LOC0057
CUST04181,Siddharth Singh,Premium,2023-10-24,LOC0095
CUST04182,Anita Gupta,New,2025-07-31,LOC0020
CUST04183,Pooja Deshmukh,Loyal,2024-10-03,LOC0027
CUST04184,Kavya Joshi,Regular,2023-06-28,LOC0103
CUST04185,Karthik Patel,Loyal,2024-04-21,LOC0101
CUST04186,Anita Menon,Regular,2024-12-24,LOC0010
CUST04187,Karthik Pillai,New,2023-05-22,LOC0138
CUST04188,Vikram Rao,Loyal,2024-10-31,LOC0078
CUST04189,Siddharth Das,New,2023-11-03,LOC0075
CUST04190,Meera Bhat,Loyal,2022-08-29,LOC0060
CUST04191,Divya Chawla,New,2024-11-12,LOC0006
CUST04192,Arjun Reddy,New,2023-01-14,LOC0123
CUST04193,Meera Banerjee,Regular,2022-08-29,LOC0031
CUST04194,Meera Das,Regular,2024-05-07,LOC0042
CUST04195,Vikram Pillai,Regular,2022-12-19,LOC0131
CUST04196,Anita Gupta,Regular,2022-02-10,LOC0035
CUST04197,Rohan Joshi,Regular,2023-04-02,LOC0078
CUST04198,Kavya Rao,Regular,2023-08-07,LOC0024
CUST04199,Sneha Iyer,Regular,2023-03-16,LOC0066
CUST04200,Rajesh Chawla,Loyal,2022-07-10,LOC0120
CUST04201,Pooja Kumar,Regular,2024-11-01,LOC0121
CUST04202,Aditya Nair,Regular,2023-10-19,LOC0147
CUST04203,Pooja Iyer,Regular,2023-06-27,LOC0069
CUST04204,Deepika Patel,New,2022-08-02,LOC0114
CUST04205,Aarav Nair,Regular,2022-12-26,LOC0132
CUST04206,Aditya Bhat,Loyal,2022-06-06,LOC0074
CUST04207,Priya Rao,Regular,2024-12-05,LOC0071
CUST04208,Aditya Verma,Loyal,2023-09-01,LOC0066
CUST04209,Arjun Deshmukh,Regular,2023-03-06,LOC0007
CUST04210,Vikram Bhat,New,2024-04-29,LOC0104
CUST04211,Kavya Gupta,Regular,2025-03-28,LOC0039
CUST04212,Sneha Sharma,Regular,2024-03-25,LOC0150
CUST04213,Neha Patel,Regular,2024-09-19,LOC0049
CUST04214,Karthik Pillai,Premium,2024-07-05,LOC0097
CUST04215,Divya Chawla,Premium,2022-11-24,LOC0036
CUST04216,Aditya Rao,New,2023-02-06,LOC0009
CUST04217,Vikram Reddy,New,2024-01-03,LOC0057
CUST04218,Rajesh Gowda,Regular,2023-02-24,LOC0054
CUST04219,Divya Gowda,Regular,2025-03-10,LOC0108
CUST04220,Deepika Sharma,Regular,2024-03-13,LOC0116
CUST04221,Rahul Reddy,Loyal,2022-12-18,LOC0071
CUST04222,Priya Singh,New,2022-08-31,LOC0043
CUST04223,Sneha Iyer,Loyal,2023-03-19,LOC0102
CUST04224,Divya Kumar,Loyal,2025-03-29,LOC0097
CUST04225,Priya Gowda,Loyal,2023-02-26,LOC0126
CUST04226,Aditya Gupta,Loyal,2024-07-01,LOC0150
CUST04227,Sneha Mehta,Regular,2023-12-02,LOC0086
CUST04228,Neha Nair,Regular,2024-03-29,LOC0113
CUST04229,Siddharth Iyer,New,2024-04-15,LOC0012
CUST04230,Anita Joshi,Regular,2025-09-22,LOC0046
CUST04231,Rahul Joshi,Loyal,2024-12-15,LOC0054
CUST04232,Siddharth Kumar,Regular,2022-10-05,LOC0141
CUST04233,Vikram Nair,New,2024-10-21,LOC0138
CUST04234,Aarav Kumar,Premium,2024-06-17,LOC0062
CUST04235,Rohan Singh,Regular,2023-04-09,LOC0097
CUST04236,Rohan Das,Regular,2023-05-23,LOC0075
CUST04237,Arjun Reddy,New,2022-10-05,LOC0030
CUST04238,Rajesh Pillai,Regular,2023-09-18,LOC0120
CUST04239,Rahul Gupta,New,2023-04-16,LOC0003
CUST04240,Rajesh Joshi,Regular,2023-04-14,LOC0113
CUST04241,Divya Chawla,New,2024-04-23,LOC0050
CUST04242,Suresh Das,New,2022-06-10,LOC0016
CUST04243,Anita Deshmukh,New,2022-11-25,LOC0080
CUST04244,Rohan Joshi,New,2025-07-02,LOC0017
CUST04245,Divya Deshmukh,Regular,2023-05-30,LOC0044
CUST04246,Aarav Deshmukh,Regular,2022-06-14,LOC0141
CUST04247,Ananya Menon,New,2023-03-14,LOC0135
CUST04248,Pooja Reddy,Loyal,2024-09-02,LOC0117
CUST04249,Divya Gowda,New,2024-06-08,LOC0001
CUST04250,Divya Bhat,Loyal,2022-08-20,LOC0063
CUST04251,Rohan Das,New,2023-02-19,LOC0051
CUST04252,Ananya Verma,New,2023-04-16,LOC0014
CUST04253,Suresh Chawla,Loyal,2025-04-09,LOC0086
CUST04254,Aarav Joshi,Regular,2023-04-13,LOC0074
CUST04255,Priya Kumar,Regular,2022-11-11,LOC0104
CUST04256,Ananya Patel,New,2022-10-09,LOC0066
CUST04257,Rajesh Bhat,Premium,2022-11-09,LOC0025
CUST04258,Aditya Chawla,New,2023-03-25,LOC0133
CUST04259,Vikram Reddy,Premium,2022-09-19,LOC0009
CUST04260,Kavya Bhat,New,2023-05-03,LOC0046
CUST04261,Aditya Reddy,Premium,2022-02-28,LOC0025
CUST04262,Deepika Verma,New,2023-03-20,LOC0054
CUST04263,Pooja Gupta,New,2024-04-20,LOC0026
CUST04264,Neha Das,Premium,2024-03-13,LOC0097
CUST04265,Priya Gupta,New,2023-06-18,LOC0066
CUST04266,Divya Kumar,new,2022-11-21,LOC0056
CUST04267,Suresh Mehta,Regular,2024-10-01,LOC0077
CUST04268,Divya Sharma,Regular,2023-07-02,LOC0150
CUST04269,Divya Gupta,Regular,2023-02-11,LOC0014
CUST04270,Rajesh Das,Regular,2023-11-18,LOC0117
CUST04271,Meera Rao,Regular,2024-06-20,LOC0147
CUST04272,Sneha Nair,Regular,2023-06-15,LOC0060
CUST04273,Rohan Joshi,Premium,2022-07-14,LOC0099
CUST04274,Aditya Das,New,2024-02-11,LOC0017
CUST04275,Aditya Nair,Loyal,2024-09-09,LOC0064
CUST04276,Suresh Verma,Regular,2024-09-13,LOC0107
CUST04277,Priya Singh,New,2024-07-13,LOC0095
CUST04278,Aditya Bhat,New,2023-01-23,LOC0041
CUST04279,Karthik Singh,Regular,2023-09-01,LOC0082
CUST04280,Rahul Gupta,New,2023-11-04,LOC0105
CUST04281,Rajesh Gowda,New,2024-08-15,LOC0064
CUST04282,Arjun Mehta,New,2024-11-24,LOC0039
CUST04283,Rahul Deshmukh,Loyal,2023-04-30,LOC0118
CUST04284,Divya Gupta,New,2023-08-29,LOC0058
CUST04285,Arjun Kumar,Regular,2023-12-18,LOC0085
CUST04286,Divya Rao,Regular,2023-09-07,LOC0007
CUST04287,Priya Mehta,Regular,2022-08-29,LOC0076
CUST04288,Rajesh Rao,Loyal,2023-11-05,LOC0140
CUST04289,Rohan Chawla,Regular,2023-11-10,LOC0058
CUST04290,Suresh Iyer,Regular,2023-12-19,LOC0132
CUST04291,Karthik Iyer,Regular,2023-08-25,LOC0006
CUST04292,Arjun Deshmukh,Regular,2023-11-19,LOC0016
CUST04293,Neha Sharma,Regular,2023-08-21,LOC0138
CUST04294,Meera Gowda,Loyal,2022-01-21,LOC0143
CUST04295,Aditya Singh,New,2022-10-12,LOC0031
CUST04296,Priya Kumar,Regular,2024-08-22,LOC0051
CUST04297,Pooja Pillai,Regular,2022-12-17,LOC0083
CUST04298,Vikram Bhat,Loyal,2022-07-29,LOC0100
CUST04299,Pooja Das,Regular,2023-01-04,LOC0049
CUST04300,Karthik Reddy,New,2024-08-05,LOC0077
CUST04301,Aditya Bhat,Premium,2024-01-19,LOC0021
CUST04302,Priya Nair,Regular,2023-04-06,LOC0099
CUST04303,Rajesh Pillai,Regular,2024-08-13,LOC0105
CUST04304,Aarav Chawla,New,2024-07-15,LOC0141
CUST04305,Rahul Rao,New,2022-06-21,LOC0009
CUST04306,Aditya Patel,New,2023-09-30,LOC0147
CUST04307,Aditya Rao,Regular,2023-11-23,LOC0070
CUST04308,Ananya Iyer,New,2023-05-13,LOC0060
CUST04309,Siddharth Gupta,Loyal,2024-11-27,LOC0108
CUST04310,Arjun Singh,New,2024-06-24,LOC0026
CUST04311,Rajesh Gowda,Regular,2022-10-11,LOC0023
CUST04312,Rohan Chawla,New,2023-12-29,LOC0056
CUST04313,Siddharth Gowda,New,2023-03-02,LOC0103
CUST04314,Pooja Bhat,Loyal,2024-01-28,LOC0022
CUST04315,Ananya Kumar,Loyal,2024-08-08,LOC0042
CUST04316,Ananya Reddy,Loyal,2023-11-01,LOC0107
CUST04317,Priya Mehta,Loyal,2022-05-01,LOC0019
CUST04318,Deepika Verma,New,2023-06-22,LOC0037
CUST04319,Arjun Singh,New,2024-10-22,LOC0085
CUST04320,Siddharth Reddy,New,2023-07-04,LOC0082
CUST04321,Divya Verma,Premium,2023-05-14,LOC0145
CUST04322,Priya Deshmukh,Loyal,2022-06-15,LOC0053
CUST04323,Aditya Verma,New,2023-10-19,LOC0124
CUST04324,Rohan Deshmukh,Loyal,2023-05-30,LOC0035
CUST04325,Priya Bhat,Premium,2022-11-29,LOC0005
CUST04326,Pooja Pillai,New,2024-06-30,LOC0002
CUST04327,Suresh Gowda,New,2022-05-01,LOC0075
CUST04328,Vikram Gowda,New,2024-09-28,LOC0077
CUST04329,Meera Iyer,Regular,2022-09-30,LOC0112
CUST04330,Suresh Das,Loyal,2023-05-19,LOC0076
CUST04331,Arjun Menon,Loyal,2023-07-28,LOC0142
CUST04332,Rohan Verma,Regular,2023-07-05,LOC0078
CUST04333,Priya Mehta,Premium,2025-01-09,LOC0148
CUST04334,Neha Rao,New,2022-07-12,LOC0031
CUST04335,Ananya Iyer,Loyal,2022-09-03,LOC0022
CUST04336,Arjun Joshi,Premium,2024-01-30,LOC0111
CUST04337,Neha Mehta,New,2024-01-18,LOC0141
CUST04338,Sneha Joshi,Loyal,2023-09-03,LOC0045
CUST04339,Meera Kumar,Regular,2022-11-26,LOC0036
CUST04340,Pooja Deshmukh,Regular,2025-07-12,LOC0120
CUST04341,Deepika Menon,Loyal,2024-01-28,LOC0135
CUST04342,Sneha Chawla,Regular,2024-02-25,LOC0073
CUST04343,Deepika Rao,New,2023-01-03,LOC0095
CUST04344,Rahul Chawla,New,2023-05-06,LOC0103
CUST04345,Sneha Banerjee,Loyal,2025-01-26,LOC0038
CUST04346,Neha Pillai,Regular,2024-02-20,LOC0023
CUST04347,Aditya Mehta,Regular,2024-12-11,LOC0093
CUST04348,Aarav Singh,Regular,2024-11-30,LOC0003
CUST04349,Ananya Iyer,New,2024-12-30,LOC0071
CUST04350,Kavya Sharma,Loyal,2023-11-25,LOC0108
CUST04351,Siddharth Verma,Loyal,2023-06-16,LOC0114
CUST04352,Priya Sharma,Regular,2025-09-17,LOC0106
CUST04353,Deepika Verma,Regular,2022-10-27,LOC0026
CUST04354,Anita Reddy,New,2024-04-25,LOC0105
CUST04355,Suresh Patel,New,2023-10-25,LOC0042
CUST04356,Vikram Gowda,Regular,2023-04-21,LOC0045
CUST04357,Pooja Sharma,New,2023-01-11,LOC0121
CUST04358,Vikram Banerjee,New,2023-09-26,LOC0077
CUST04359,Siddharth Iyer,New,2024-12-25,LOC0142
CUST04360,Deepika Patel,Regular,2023-09-23,LOC0027
CUST04361,Kavya Das,New,2022-02-24,LOC0081
CUST04362,Karthik Reddy,Regular,2024-12-01,LOC0136
CUST04363,Aarav Chawla,Premium,2022-12-04,LOC0093
CUST04364,Anita Verma,Regular,2024-04-16,LOC0119
CUST04365,Aarav Reddy,New,2022-04-17,LOC0019
CUST04366,Pooja Patel,New,2022-12-08,LOC0085
CUST04367,Rohan Menon,Loyal,2024-12-23,LOC0033
CUST04368,Suresh Patel,Regular,2022-10-26,LOC0074
CUST04369,Divya Pillai,Regular,2024-08-26,LOC0033
CUST04370,Neha Iyer,Loyal,2023-07-14,LOC0143
CUST04371,Kavya Sharma,Regular,2023-01-31,LOC0089
CUST04372,Anita Sharma,Regular,2022-09-11,LOC0119
CUST04373,Priya Reddy,New,2023-06-28,LOC0114
CUST04374,Kavya Mehta,New,2023-10-12,LOC0004
CUST04375,Rahul Gowda,Loyal,2025-03-26,LOC0089
CUST04376,Sneha Bhat,Regular,2023-01-22,LOC0006
CUST04377,Siddharth Nair,Loyal,2024-09-14,LOC0001
CUST04378,Deepika Chawla,Regular,2023-12-29,LOC0013
CUST04379,Sneha Reddy,Regular,2023-12-23,LOC0140
CUST04380,Aditya Iyer,Regular,2024-01-09,LOC0085
CUST04381,Kavya Rao,Regular,2024-06-27,LOC0070
CUST04382,Ananya Iyer,Regular,2023-05-02,LOC0037
CUST04383,Rohan Rao,New,2024-04-10,LOC0144
CUST04384,Rajesh Gowda,New,2023-04-25,LOC0092
CUST04385,Aarav Banerjee,Regular,2023-02-26,LOC0123
CUST04386,Deepika Menon,New,2024-07-27,LOC0102
CUST04387,Pooja Pillai,New,2024-09-17,LOC0047
CUST04388,Aarav Gowda,New,2024-07-01,LOC0048
CUST04389,Vikram Singh,Regular,2023-05-09,LOC0078
CUST04390,Ananya Singh,New,2024-03-01,LOC0033
CUST04391,Rahul Joshi,Regular,2025-04-18,LOC0102
CUST04392,Rahul Gowda,New,2023-05-30,LOC0118
CUST04393,Rajesh Sharma,Regular,2022-12-14,LOC0128
CUST04394,Aditya Sharma,Regular,2023-07-21,LOC0043
CUST04395,Ananya Rao,Regular,2023-04-28,LOC0037
CUST04396,Rahul Menon,Premium,2023-08-07,LOC0047
CUST04397,Rohan Joshi,Regular,2023-08-12,LOC0036
CUST04398,Kavya Verma,Regular,2022-08-31,LOC0036
CUST04399,Aditya Nair,Regular,2023-10-07,LOC0024
CUST04400,Priya Deshmukh,Regular,2025-04-03,LOC0041
CUST04401,Vikram Sharma,Regular,2022-10-28,LOC0105
CUST04402,Neha Patel,Regular,2024-06-01,LOC0062
CUST04403,Aditya Mehta,Loyal,2022-09-28,LOC0122
CUST04404,Aarav Mehta,Loyal,2023-01-17,LOC0091
CUST04405,Arjun Patel,Regular,2024-04-27,LOC0041
CUST04406,Pooja Gowda,New,2022-07-09,LOC0048
CUST04407,Divya Patel,New,2023-09-14,LOC0013
CUST04408,Kavya Rao,Regular,2023-10-02,LOC0058
CUST04409,Meera Iyer,New,2022-04-30,LOC0001
CUST04410,Aarav Nair,Regular,2023-08-22,LOC0088
CUST04411,Aditya Reddy,Regular,2025-02-06,LOC0088
CUST04412,Siddharth Deshmukh,Regular,2024-05-09,LOC0095
CUST04413,Deepika Kumar,Regular,2025-01-13,LOC0116
CUST04414,Deepika Reddy,Loyal,2022-09-07,LOC0074
CUST04415,Sneha Gupta,New,2024-11-22,LOC0060
CUST04416,Aditya Pillai,Loyal,2024-12-01,LOC0137
CUST04417,Pooja Joshi,Regular,2023-04-15,LOC0113
CUST04418,Kavya Pillai,Regular,2025-03-06,LOC0031
CUST04419,Sneha Gupta,Loyal,2023-10-11,LOC0027
CUST04420,Karthik Deshmukh,Regular,2025-02-12,LOC0108
CUST04421,Rahul Verma,Regular,2023-01-06,LOC0121
CUST04422,Divya Iyer,New,2022-11-25,LOC0148
CUST04423,Rohan Joshi,Regular,2023-11-13,LOC0015
CUST04424,Rohan Menon,New,2023-05-10,LOC0034
CUST04425,Priya Mehta,Regular,2024-02-02,LOC0141
CUST04426,Karthik Sharma,Regular,2024-03-23,LOC0123
CUST04427,Arjun Joshi,New,2023-01-14,LOC0039
CUST04428,Meera Patel,New,2023-03-30,LOC0150
CUST04429,Vikram Mehta,Regular,2023-07-24,LOC0073
CUST04430,Sneha Chawla,New,2025-04-01,LOC0128
CUST04431,Pooja Reddy,New,2023-01-10,LOC0050
CUST04432,Aarav Rao,Loyal,2024-09-10,LOC0087
CUST04433,Kavya Bhat,Loyal,2023-10-31,LOC0039
CUST04434,Rohan Gupta,New,2023-07-12,LOC0112
CUST04435,Suresh Mehta,New,2024-03-09,LOC0054
CUST04436,Meera Gowda,Regular,2022-09-22,LOC0027
CUST04437,Anita Gupta,New,2023-06-09,LOC0106
CUST04438,Rohan Joshi,New,2025-04-14,LOC0135
CUST04439,Priya Patel,Loyal,2024-06-27,LOC0008
CUST04440,Sneha Nair,New,2023-03-22,LOC0101
CUST04441,Divya Pillai,New,2025-02-19,LOC0095
CUST04442,Vikram Deshmukh,Premium,2023-07-13,LOC0081
CUST04443,Kavya Rao,Regular,2024-12-23,LOC0094
CUST04444,Rahul Mehta,New,2023-06-16,LOC0106
CUST04445,Karthik Banerjee,New,2024-03-28,LOC0110
CUST04446,Siddharth Bhat,Loyal,2024-08-01,LOC0095
CUST04447,Aarav Kumar,New,2024-03-08,LOC0036
CUST04448,Divya Bhat,Regular,2025-07-16,LOC0146
CUST04449,Aditya Gowda,New,2024-12-10,LOC0029
CUST04450,Ananya Chawla,Loyal,2024-12-05,LOC0115
CUST04451,Meera Nair,Regular,2024-10-24,LOC0060
CUST04452,Aarav Menon,New,2024-01-09,LOC0056
CUST04453,Siddharth Reddy,New,2023-04-08,LOC0148
CUST04454,Divya Das,Loyal,2023-07-08,LOC0038
CUST04455,Pooja Deshmukh,New,2023-11-24,LOC0002
CUST04456,Sneha Deshmukh,Regular,2023-07-04,LOC0036
CUST04457,Suresh Kumar,Regular,2023-11-11,LOC0014
CUST04458,Arjun Rao,New,2023-10-21,LOC0136
CUST04459,Pooja Pillai,Loyal,2024-02-17,LOC0037
CUST04460,Arjun Pillai,Regular,2024-02-23,LOC0040
CUST04461,Rajesh Singh,Regular,2022-09-26,LOC0102
CUST04462,Karthik Sharma,Regular,2022-12-31,LOC0105
CUST04463,Vikram Banerjee,New,2022-12-19,LOC0002
CUST04464,Vikram Reddy,Loyal,2025-04-08,LOC0013
CUST04465,Suresh Kumar,New,2024-11-14,LOC0069
CUST04466,Siddharth Gowda,Regular,2023-04-16,LOC0055
CUST04467,Karthik Bhat,New,2022-07-13,LOC0131
CUST04468,Anita Menon,Regular,2023-10-31,LOC0022
CUST04469,Aditya Sharma,Regular,2024-04-29,LOC0065
CUST04470,Pooja Chawla,Regular,2022-07-15,LOC0007
CUST04471,Sneha Chawla,New,2024-03-14,LOC0014
CUST04472,Arjun Reddy,Loyal,2024-05-18,LOC0095
CUST04473,Rohan Bhat,Loyal,2023-10-01,LOC0013
CUST04474,Aarav Iyer,New,2025-05-15,LOC0085
CUST04475,Priya Deshmukh,Regular,2024-09-21,LOC0136
CUST04476,Ananya Gowda,Regular,2023-07-17,LOC0135
CUST04477,Rajesh Verma,New,2023-04-26,LOC0018
CUST04478,Ananya Singh,Regular,2022-11-04,LOC0090
CUST04479,Suresh Joshi,Loyal,2024-10-27,LOC0055
CUST04480,Arjun Banerjee,New,2023-12-13,LOC0027
CUST04481,Arjun Deshmukh,Regular,2023-11-08,LOC0082
CUST04482,Ananya Gupta,New,2024-09-10,LOC0004
CUST04483,Aditya Banerjee,Regular,2023-08-17,LOC0073
CUST04484,Meera Pillai,New,2022-12-19,LOC0010
CUST04485,Deepika Verma,Loyal,2025-04-10,LOC0119
CUST04486,Priya Mehta,Regular,2023-08-18,LOC0144
CUST04487,Arjun Deshmukh,New,2022-04-22,LOC0112
CUST04488,Sneha Banerjee,Premium,2023-08-24,LOC0133
CUST04489,Priya Iyer,Loyal,2023-10-21,LOC0121
CUST04490,Aditya Pillai,New,2024-02-16,LOC0134
CUST04491,Arjun Nair,Loyal,2022-08-10,LOC0122
CUST04492,Rahul Sharma,New,2025-04-02,LOC0138
CUST04493,Arjun Singh,New,2024-04-22,LOC0139
CUST04494,Sneha Chawla,Regular,2023-10-11,LOC0039
CUST04495,Kavya Das,Regular,2023-05-12,LOC0149
CUST04496,Suresh Nair,Regular,2023-01-20,LOC0100
CUST04497,Vikram Patel,New,2024-11-19,LOC0124
CUST04498,Ananya Iyer,Loyal,2022-12-22,LOC0139
CUST04499,Divya Chawla,New,2023-08-05,LOC0054
CUST04500,Arjun Sharma,New,2024-12-31,LOC0132
CUST04501,Neha Pillai,Regular,2024-02-04,LOC0099
CUST04502,Anita Rao,Regular,2023-07-14,LOC0018
CUST04503,Ananya Nair,Regular,2022-11-27,LOC0133
CUST04504,Pooja Chawla,New,2025-07-26,LOC0062
CUST04505,Anita Pillai,Regular,2025-05-16,LOC0002
CUST04506,Rajesh Deshmukh,Regular,2025-04-23,LOC0003
CUST04507,Kavya Gowda,Loyal,2025-06-06,LOC0124
CUST04508,Meera Pillai,New,2023-03-06,LOC0129
CUST04509,Rahul Reddy,Regular,2024-02-01,LOC0124
CUST04510,Aditya Gupta,New,2025-03-09,LOC0016
CUST04511,Rohan Reddy,Regular,2023-01-13,LOC0037
CUST04512,Siddharth Reddy,Regular,2023-07-23,LOC0075
CUST04513,Ananya Das,Premium,2023-06-08,LOC0115
CUST04514,Priya Menon,Premium,2024-07-14,LOC0110
CUST04515,Rajesh Bhat,Regular,2023-06-13,LOC0028
CUST04516,Deepika Chawla,Regular,2024-09-03,LOC0103
CUST04517,Karthik Chawla,Regular,2022-09-13,LOC0097
CUST04518,Kavya Gupta,New,2024-10-12,LOC0069
CUST04519,Deepika Das,Premium,2023-03-30,LOC0073
CUST04520,Aditya Das,Regular,2024-11-30,LOC0118
CUST04521,Neha Reddy,Loyal,2024-07-02,LOC0020
CUST04522,Kavya Menon,New,2022-01-19,LOC0118
CUST04523,Pooja Deshmukh,New,2022-09-29,LOC0108
CUST04524,Priya Joshi,New,2024-07-09,LOC0030
CUST04525,Rahul Verma,New,2022-04-15,LOC0012
CUST04526,Vikram Chawla,New,2023-01-28,LOC0130
CUST04527,Aditya Das,Regular,2023-10-27,LOC0054
CUST04528,Karthik Joshi,Loyal,2023-06-10,LOC0143
CUST04529,Arjun Rao,Regular,2023-05-13,LOC0130
CUST04530,Arjun Das,Regular,2024-10-26,LOC0023
CUST04531,Priya Kumar,Regular,2023-05-01,LOC0121
CUST04532,Siddharth Mehta,Loyal,2025-05-19,LOC0130
CUST04533,Aditya Kumar,Loyal,2024-05-19,LOC0062
CUST04534,Aarav Gupta,Regular,2025-07-08,LOC0127
CUST04535,Divya Chawla,New,2022-11-25,LOC0133
CUST04536,Aditya Gowda,Premium,2023-04-11,LOC0043
CUST04537,Meera Reddy,Loyal,2022-08-08,LOC0011
CUST04538,Vikram Sharma,New,2023-05-02,LOC0013
CUST04539,Aditya Sharma,Regular,2022-10-18,LOC0007
CUST04540,Rahul Singh,Regular,2025-01-07,LOC0037
CUST04541,Priya Mehta,Loyal,2022-08-28,LOC0015
CUST04542,Arjun Rao,Loyal,2025-01-27,LOC0108
CUST04543,Arjun Mehta,Loyal,2024-02-28,LOC0052
CUST04544,Rohan Verma,Regular,2024-12-11,LOC0010
CUST04545,Suresh Menon,Regular,2022-11-01,LOC0017
CUST04546,Suresh Patel,Loyal,2025-04-07,LOC0080
CUST04547,Anita Verma,New,2024-03-27,LOC0060
CUST04548,Siddharth Iyer,Regular,2024-01-21,LOC0047
CUST04549,Ananya Menon,Regular,2022-10-26,LOC0068
CUST04550,Karthik Chawla,Loyal,2022-08-27,LOC0063
CUST04551,Aditya Nair,Regular,2024-10-27,LOC0007
CUST04552,Rohan Reddy,Regular,2024-09-12,LOC0110
CUST04553,Sneha Bhat,Loyal,2024-10-05,LOC0118
CUST04554,Siddharth Pillai,Loyal,2025-06-10,LOC0089
CUST04555,Kavya Iyer,,2022-12-24,LOC0090
CUST04556,Arjun Rao,Regular,2025-05-28,LOC0111
CUST04557,Arjun Menon,New,2024-02-09,LOC0129
CUST04558,Vikram Patel,Regular,2023-11-10,LOC0032
CUST04559,Vikram Chawla,Premium,2022-10-21,LOC0122
CUST04560,Sneha Sharma,Regular,2023-12-29,LOC0125
CUST04561,Priya Banerjee,Loyal,2023-08-26,LOC0102
CUST04562,Vikram Banerjee,Regular,2024-07-06,LOC0056
CUST04563,Kavya Chawla,New,2023-09-18,LOC0092
CUST04564,Aditya Nair,New,2024-12-12,LOC0103
CUST04565,Neha Nair,Regular,2023-08-14,LOC0112
CUST04566,Suresh Sharma,Regular,2024-03-01,LOC0050
CUST04567,Aditya Iyer,New,2024-09-26,LOC0084
CUST04568,Anita Menon,Premium,2024-07-21,LOC0138
CUST04569,Aarav Pillai,New,2024-03-21,LOC0150
CUST04570,Rahul Bhat,New,2022-07-19,LOC0035
CUST04571,Deepika Deshmukh,Regular,2023-08-20,LOC0039
CUST04572,Deepika Deshmukh,Regular,2023-04-20,LOC0007
CUST04573,Arjun Gowda,New,2025-03-04,LOC0137
CUST04574,Aarav Iyer,New,2024-08-23,LOC0075
CUST04575,Karthik Patel,Regular,2023-05-20,LOC0124
CUST04576,Arjun Bhat,Regular,2025-07-30,LOC0036
CUST04577,Sneha Mehta,Regular,2024-10-03,LOC0024
CUST04578,Karthik Iyer,Regular,2022-05-31,LOC0079
CUST04579,Ananya Verma,New,2023-02-06,LOC0012
CUST04580,Deepika Nair,Regular,2023-05-23,LOC0047
CUST04581,Karthik Gowda,Premium,2023-04-17,LOC0119
CUST04582,Kavya Sharma,New,2024-06-15,LOC0051
CUST04583,Priya Reddy,New,2024-04-19,LOC0004
CUST04584,Suresh Mehta,New,2022-03-23,LOC0127
CUST04585,Rajesh Sharma,New,2024-04-17,LOC0089
CUST04586,Neha Nair,Regular,2025-01-25,LOC0049
CUST04587,Arjun Patel,Regular,2023-09-08,LOC0005
CUST04588,Ananya Sharma,New,2024-02-04,LOC0051
CUST04589,Vikram Singh,Regular,2025-04-18,LOC0099
CUST04590,Divya Reddy,Regular,2024-08-09,LOC0147
CUST04591,Kavya Deshmukh,Regular,2022-12-02,LOC0007
CUST04592,Rahul Deshmukh,New,2022-04-17,LOC0071
CUST04593,Deepika Das,New,2024-05-01,LOC0127
CUST04594,Aditya Gowda,Regular,2024-07-09,LOC0054
CUST04595,Pooja Singh,New,2023-02-04,LOC0066
CUST04596,Rohan Singh,Loyal,2024-04-22,LOC0110
CUST04597,Anita Chawla,New,2025-02-07,LOC0132
CUST04598,Siddharth Banerjee,Regular,2024-12-05,LOC0076
CUST04599,Kavya Das,Regular,2023-08-14,LOC0110
CUST04600,Divya Deshmukh,Loyal,2023-12-01,LOC0101
CUST04601,Suresh Joshi,Loyal,2023-02-04,LOC0008
CUST04602,Karthik Deshmukh,New,2023-12-18,LOC0121
CUST04603,Suresh Menon,Loyal,2023-04-12,LOC0041
CUST04604,Divya Menon,New,2022-10-29,LOC0065
CUST04605,Divya Menon,New,2022-12-24,LOC0138
CUST04606,Aarav Kumar,Regular,2024-10-17,LOC0016
CUST04607,Ananya Menon,Regular,2024-03-31,LOC0069
CUST04608,Neha Sharma,New,2024-03-18,LOC0051
CUST04609,Deepika Gupta,Regular,2022-05-02,LOC0120
CUST04610,Meera Reddy,Regular,2023-01-21,LOC0070
CUST04611,Sneha Sharma,New,2024-03-28,LOC0008
CUST04612,Vikram Joshi,Regular,2023-03-15,LOC0029
CUST04613,Vikram Sharma,Regular,2023-07-18,LOC0006
CUST04614,Anita Patel,New,2023-02-25,LOC0088
CUST04615,Rohan Reddy,Loyal,2024-01-09,LOC0068
CUST04616,Kavya Rao,New,2024-01-20,LOC0085
CUST04617,Priya Patel,Regular,2023-06-22,LOC0091
CUST04618,Siddharth Nair,Loyal,2023-06-11,LOC0048
CUST04619,Siddharth Reddy,Loyal,2023-06-12,LOC0098
CUST04620,Sneha Patel,Regular,2022-03-05,LOC0135
CUST04621,Kavya Banerjee,New,2024-04-14,LOC0090
CUST04622,Rahul Iyer,Premium,2024-05-30,LOC0111
CUST04623,Deepika Iyer,New,2022-10-31,LOC0083
CUST04624,Meera Kumar,New,2024-11-03,LOC0092
CUST04625,Kavya Pillai,New,2022-02-10,LOC0107
CUST04626,Neha Gowda,New,2024-01-06,LOC0117
CUST04627,Karthik Singh,Loyal,2022-09-23,LOC0036
CUST04628,Rahul Deshmukh,Regular,2025-03-06,LOC0109
CUST04629,Neha Chawla,New,2025-02-12,LOC0026
CUST04630,Divya Sharma,New,2023-01-01,LOC0135
CUST04631,Karthik Mehta,Regular,2022-10-26,LOC0016
CUST04632,Kavya Iyer,New,2024-06-28,LOC0111
CUST04633,Kavya Menon,Regular,2023-02-08,LOC0019
CUST04634,Meera Verma,Regular,2023-07-04,LOC0009
CUST04635,Deepika Bhat,Loyal,2022-08-24,LOC0033
CUST04636,Divya Pillai,Premium,2024-07-30,LOC0026
CUST04637,Arjun Singh,Loyal,2024-12-31,LOC0136
CUST04638,Suresh Verma,Loyal,2023-12-24,LOC0089
CUST04639,Rohan Kumar,New,2022-07-08,LOC0015
CUST04640,Deepika Rao,New,2023-04-10,LOC0094
CUST04641,Vikram Gowda,New,2024-12-16,LOC0061
CUST04642,Siddharth Reddy,Regular,2023-05-10,LOC0095
CUST04643,Karthik Nair,New,2023-11-11,LOC0017
CUST04644,Rahul Kumar,Regular,2022-03-29,LOC0074
CUST04645,Arjun Iyer,Regular,2024-08-28,LOC0052
CUST04646,Kavya Chawla,Loyal,2023-03-09,LOC0058
CUST04647,Rohan Verma,Regular,2023-11-14,LOC0041
CUST04648,Rajesh Deshmukh,New,2022-08-28,LOC0028
CUST04649,Divya Reddy,Premium,2023-09-07,LOC0030
CUST04650,Karthik Menon,Loyal,2023-12-02,LOC0087
CUST04651,Karthik Gupta,Loyal,2024-03-15,LOC0029
CUST04652,Vikram Menon,Regular,2024-12-20,LOC0014
CUST04653,Meera Rao,New,2022-07-28,LOC0041
CUST04654,Anita Rao,Loyal,2024-01-13,LOC0020
CUST04655,Karthik Gupta,Loyal,2023-05-05,LOC0112
CUST04656,Priya Sharma,Regular,2022-11-19,LOC0145
CUST04657,Karthik Deshmukh,New,2024-03-28,LOC0075
CUST04658,Deepika Menon,New,2023-12-08,LOC0051
CUST04659,Siddharth Joshi,New,2022-12-16,LOC0046
CUST04660,Aditya Banerjee,Regular,2024-03-25,LOC0127
CUST04661,Ananya Gupta,Loyal,2024-05-10,LOC0089
CUST04662,Neha Menon,Regular,2023-12-21,LOC0103
CUST04663,Aditya Verma,New,2024-06-27,LOC0013
CUST04664,Deepika Gupta,Regular,2023-10-06,LOC0118
CUST04665,Pooja Iyer,New,2024-03-30,LOC0038
CUST04666,Divya Gowda,New,2022-07-25,LOC0012
CUST04667,Kavya Gowda,New,2022-06-10,LOC0115
CUST04668,Ananya Joshi,New,2023-07-18,LOC0063
CUST04669,Ananya Patel,New,2023-02-08,LOC0041
CUST04670,Priya Rao,New,2024-02-04,LOC0141
CUST04671,Kavya Nair,Regular,2025-02-12,LOC0141
CUST04672,Rohan Mehta,New,2022-08-11,LOC0106
CUST04673,Aarav Rao,Regular,2023-10-31,LOC0023
CUST04674,Meera Rao,Regular,2024-02-25,LOC0004
CUST04675,Suresh Bhat,Regular,2022-11-14,LOC0125
CUST04676,Neha Verma,New,2023-01-03,LOC0091
CUST04677,Siddharth Patel,Loyal,2025-08-22,LOC0122
CUST04678,Karthik Patel,Regular,2023-01-26,LOC0069
CUST04679,Aarav Gowda,New,2023-01-19,LOC0027
CUST04680,Karthik Sharma,Loyal,2023-04-21,LOC0021
CUST04681,Rajesh Iyer,Regular,2022-11-15,LOC0078
CUST04682,Sneha Chawla,Regular,2023-06-23,LOC0037
CUST04683,Sneha Joshi,Regular,2024-10-05,LOC0030
CUST04684,Karthik Chawla,Regular,2022-07-10,LOC0061
CUST04685,Priya Banerjee,Loyal,2023-06-19,LOC0037
CUST04686,Kavya Bhat,New,2023-08-18,LOC0028
CUST04687,Aditya Mehta,Premium,2023-11-28,LOC0057
CUST04688,Sneha Das,New,2022-11-21,LOC0118
CUST04689,Anita Banerjee,Loyal,2024-06-05,LOC0074
CUST04690,Ananya Nair,Regular,2023-06-01,LOC0074
CUST04691,Rohan Kumar,Loyal,2024-10-16,LOC0101
CUST04692,Neha Deshmukh,New,2022-12-24,LOC0056
CUST04693,Priya Iyer,Regular,2023-07-12,LOC0025
CUST04694,Neha Patel,Regular,2022-12-31,LOC0076
CUST04695,Priya Menon,New,2023-12-08,LOC0108
CUST04696,Divya Singh,Regular,2022-05-28,LOC0065
CUST04697,Aditya Gowda,Loyal,2023-04-18,LOC0131
CUST04698,Aarav Gupta,Loyal,2024-01-07,LOC0144
CUST04699,Kavya Sharma,New,2023-09-28,LOC0139
CUST04700,Deepika Rao,Regular,2024-06-25,LOC0059
CUST04701,Rohan Das,Regular,2024-12-04,LOC0047
CUST04702,Vikram Menon,Regular,2024-09-11,LOC0043
CUST04703,Ananya Mehta,New,2024-03-20,LOC0058
CUST04704,Ananya Singh,Regular,2023-12-28,LOC0038
CUST04705,Rohan Gowda,Regular,2022-11-05,LOC0033
CUST04706,Siddharth Deshmukh,New,2024-04-13,LOC0050
CUST04707,Anita Patel,Loyal,2024-04-30,LOC0150
CUST04708,Aditya Verma,Regular,2023-04-08,LOC0115
CUST04709,Suresh Singh,Regular,2023-07-13,LOC0073
CUST04710,Karthik Menon,New,2022-04-27,LOC0081
CUST04711,Vikram Patel,New,2022-08-30,LOC0029
CUST04712,Divya Joshi,Regular,2023-06-01,LOC0133
CUST04713,Anita Menon,Premium,2024-02-10,LOC0027
CUST04714,Aarav Chawla,Regular,2024-04-10,LOC0055
CUST04715,Rahul Chawla,New,2022-12-04,LOC0105
CUST04716,Priya Nair,Loyal,2023-06-17,LOC0094
CUST04717,Karthik Nair,Regular,2022-09-16,LOC0108
CUST04718,Deepika Chawla,Regular,2024-01-24,LOC0144
CUST04719,Rohan Bhat,Loyal,2024-03-06,LOC0149
CUST04720,Ananya Mehta,Regular,2024-11-30,LOC0043
CUST04721,Priya Gupta,Regular,2024-05-29,LOC0004
CUST04722,Divya Deshmukh,New,2023-01-16,LOC0044
CUST04723,Kavya Gupta,Loyal,2024-12-29,LOC0031
CUST04724,Kavya Iyer,New,2024-01-24,LOC0135
CUST04725,Rajesh Verma,New,2023-10-22,LOC0015
CUST04726,Neha Menon,Regular,2024-08-08,LOC0076
CUST04727,Rahul Banerjee,Loyal,2023-08-23,LOC0108
CUST04728,Kavya Menon,New,2023-09-19,LOC0032
CUST04729,Siddharth Gupta,New,2023-12-05,LOC0040
CUST04730,Rahul Joshi,New,2024-01-30,LOC0070
CUST04731,Deepika Nair,Regular,2024-02-11,LOC0018
CUST04732,Siddharth Deshmukh,Loyal,2024-12-05,LOC0046
CUST04733,Priya Nair,Loyal,2022-07-16,LOC0104
CUST04734,Priya Gowda,Regular,2023-02-06,LOC0147
CUST04735,Sneha Singh,Regular,2025-03-05,LOC0054
CUST04736,Anita Singh,New,2023-03-19,LOC0025
CUST04737,Arjun Verma,Loyal,2022-11-02,LOC0003
CUST04738,Meera Menon,Loyal,2023-11-26,LOC0087
CUST04739,Deepika Verma,Regular,2023-09-26,LOC0110
CUST04740,Pooja Das,New,2023-09-13,LOC0119
CUST04741,Siddharth Verma,Regular,2024-04-25,LOC0046
CUST04742,Karthik Deshmukh,New,2024-04-15,LOC0049
CUST04743,Rohan Chawla,New,2023-11-12,LOC0017
CUST04744,Arjun Gupta,Premium,2023-06-13,LOC0050
CUST04745,Karthik Sharma,New,2024-04-10,LOC0035
CUST04746,Kavya Kumar,New,2024-12-19,LOC0047
CUST04747,Neha Nair,Loyal,2022-11-20,LOC0135
CUST04748,Kavya Verma,New,2024-04-24,LOC0063
CUST04749,Kavya Chawla,New,2023-06-05,LOC0004
CUST04750,Anita Patel,New,2024-04-22,LOC0080
CUST04751,Neha Kumar,New,2024-09-02,LOC0070
CUST04752,Aarav Nair,Loyal,2022-10-25,LOC0063
CUST04753,Sneha Sharma,Regular,2023-09-16,LOC0079
CUST04754,Sneha Iyer,Regular,2024-09-16,LOC0132
CUST04755,Rohan Joshi,Regular,2023-03-09,LOC0003
CUST04756,Rajesh Kumar,Regular,2023-09-22,LOC0127
CUST04757,Deepika Gowda,Loyal,2024-02-11,LOC0017
CUST04758,Karthik Verma,New,2023-06-05,LOC0035
CUST04759,Rahul Iyer,Regular,2023-10-26,LOC0015
CUST04760,Neha Mehta,New,2024-10-07,LOC0019
CUST04761,Arjun Joshi,New,2023-05-12,LOC0069
CUST04762,Rajesh Bhat,New,2022-11-09,LOC0045
CUST04763,Aditya Mehta,Regular,2024-01-12,LOC0109
CUST04764,Neha Bhat,Regular,2023-03-04,LOC0060
CUST04765,Rohan Bhat,Regular,2022-11-29,LOC0017
CUST04766,Anita Gupta,Loyal,2024-01-18,LOC0005
CUST04767,Kavya Kumar,New,2023-08-12,LOC0039
CUST04768,Aditya Chawla,Regular,2022-07-22,LOC0132
CUST04769,Siddharth Chawla,Regular,2023-04-20,LOC0077
CUST04770,Anita Menon,New,2025-05-08,LOC0061
CUST04771,Meera Das,Regular,2025-06-28,LOC0135
CUST04772,Deepika Singh,Loyal,2024-05-15,LOC0112
CUST04773,Sneha Kumar,Regular,2023-07-22,LOC0064
CUST04774,Neha Mehta,Regular,2024-10-12,LOC0035
CUST04775,Rahul Sharma,New,2023-02-15,LOC0053
CUST04776,Aarav Bhat,Regular,2022-12-22,LOC0144
CUST04777,Suresh Menon,Loyal,2024-03-08,LOC0070
CUST04778,Meera Sharma,Loyal,2024-03-31,LOC0110
CUST04779,Deepika Chawla,New,2023-07-09,LOC0054
CUST04780,Priya Deshmukh,New,2023-05-10,LOC0012
CUST04781,Priya Gowda,New,2022-11-01,LOC0002
CUST04782,Rajesh Bhat,Regular,2023-04-17,LOC0035
CUST04783,Karthik Gupta,Regular,2023-06-01,LOC0103
CUST04784,Suresh Chawla,Regular,2023-08-29,LOC0138
CUST04785,Siddharth Pillai,Regular,2024-02-15,LOC0028
CUST04786,Aarav Chawla,Loyal,2022-04-29,LOC0022
CUST04787,Deepika Pillai,Premium,2023-02-10,LOC0007
CUST04788,Arjun Banerjee,New,2024-11-13,LOC0115
CUST04789,Aditya Deshmukh,Regular,2023-09-03,LOC0111
CUST04790,Aarav Joshi,Regular,2024-05-31,LOC0130
CUST04791,Aarav Patel,New,2023-11-04,LOC0075
CUST04792,Neha Gupta,Premium,2024-07-19,LOC0054
CUST04793,Sneha Menon,Regular,2023-04-29,LOC0148
CUST04794,Aarav Singh,Regular,2024-09-04,LOC0005
CUST04795,Divya Chawla,Regular,2023-08-17,LOC0059
CUST04796,Pooja Verma,Loyal,2025-02-14,LOC0068
CUST04797,Anita Chawla,Regular,2024-03-22,LOC0138
CUST04798,Rahul Pillai,Loyal,2023-09-02,LOC0009
CUST04799,Rahul Verma,Regular,2024-06-14,LOC0062
CUST04800,Meera Chawla,Loyal,2024-11-16,LOC0097
CUST04801,Pooja Banerjee,Loyal,2024-08-31,LOC0106
CUST04802,Kavya Banerjee,New,2022-11-25,LOC0147
CUST04803,Divya Gowda,New,2024-10-23,LOC0099
CUST04804,Suresh Das,New,2022-09-29,LOC0022
CUST04805,Rohan Reddy,Regular,2023-12-05,LOC0148
CUST04806,Rahul Iyer,New,2023-12-19,LOC0054
CUST04807,Pooja Banerjee,Regular,2022-11-24,LOC0126
CUST04808,Suresh Mehta,Regular,2022-06-21,LOC0056
CUST04809,Divya Reddy,Regular,2025-07-31,LOC0050
CUST04810,Arjun Singh,New,2024-06-25,LOC0073
CUST04811,Deepika Singh,Regular,2023-11-11,LOC0097
CUST04812,Kavya Rao,Regular,2024-05-12,LOC0019
CUST04813,Vikram Gupta,Regular,2023-09-24,LOC0113
CUST04814,Rohan Deshmukh,Regular,2024-05-12,LOC0013
CUST04815,Kavya Patel,Loyal,2023-03-22,LOC0072
CUST04816,Karthik Pillai,Loyal,2022-11-20,LOC0106
CUST04817,Aditya Rao,New,2023-09-13,LOC0138
CUST04818,Ananya Banerjee,Loyal,2024-09-01,LOC0142
CUST04819,Deepika Deshmukh,Premium,2023-01-19,LOC0127
CUST04820,Sneha Menon,Regular,2024-07-15,LOC0074
CUST04821,Pooja Banerjee,Regular,2022-12-10,LOC0036
CUST04822,Arjun Pillai,Loyal,2024-07-25,LOC0065
CUST04823,Aarav Rao,Regular,2023-06-05,LOC0120
CUST04824,Meera Kumar,New,2023-09-17,LOC0039
CUST04825,Meera Chawla,New,2023-05-05,LOC0021
CUST04826,Karthik Das,New,2023-07-23,LOC0023
CUST04827,Meera Gupta,New,2024-04-07,LOC0054
CUST04828,Rajesh Verma,Regular,2024-10-04,LOC0012
CUST04829,Siddharth Verma,Regular,2023-06-22,LOC0102
CUST04830,Suresh Reddy,Regular,2024-10-01,LOC0075
CUST04831,Rahul Rao,Regular,2024-12-14,LOC0086
CUST04832,Divya Das,Loyal,2023-08-14,LOC0047
CUST04833, Vikram Chawla ,Loyal,2022-06-27,LOC0004
CUST04834,Ananya Singh,Regular,2022-06-06,LOC0147
CUST04835,Rohan Verma,Regular,2024-12-10,LOC0079
CUST04836,Sneha Chawla,Regular,2023-02-11,LOC0129
CUST04837,Aditya Joshi,New,2023-02-17,LOC0141
CUST04838,Rahul Banerjee,Loyal,2024-10-18,LOC0115
CUST04839,Siddharth Mehta,Regular,2022-08-14,LOC0080
CUST04840,Meera Pillai,Regular,2024-12-29,LOC0024
CUST04841,Divya Banerjee,New,2024-03-11,LOC0001
CUST04842,Karthik Bhat,Regular,2023-07-19,LOC0099
CUST04843,Vikram Menon,Regular,2025-01-20,LOC0096
CUST04844,Sneha Mehta,New,2024-03-15,LOC0096
CUST04845,Deepika Iyer,Regular,2024-08-17,LOC0043
CUST04846,Kavya Sharma,Regular,2024-05-11,LOC0048
CUST04847,Pooja Sharma,Regular,2023-05-04,LOC0124
CUST04848,Deepika Gowda,New,2022-11-24,LOC0040
CUST04849,Ananya Das,Regular,2023-07-07,LOC0023
CUST04850,Aditya Verma,Regular,2023-12-06,LOC0079
CUST04851,Kavya Gupta,New,2023-11-19,LOC0024
CUST04852,Suresh Joshi,New,2023-07-02,LOC0117
CUST04853,Pooja Reddy,Regular,2023-07-11,LOC0084
CUST04854,Pooja Patel,Loyal,2025-08-02,LOC0043
CUST04855,Kavya Banerjee,Loyal,2024-02-19,LOC0058
CUST04856,Rohan Gowda,Regular,2024-01-03,LOC0105
CUST04857,Meera Deshmukh,New,2022-11-05,LOC0053
CUST04858,Arjun Das,New,2024-04-23,LOC0049
CUST04859,Sneha Banerjee,Loyal,2023-01-10,LOC0069
CUST04860,Divya Joshi,New,2024-07-15,LOC0021
CUST04861,Deepika Banerjee,Regular,2023-04-09,LOC0043
CUST04862,Meera Gowda,Loyal,2023-01-28,LOC0088
CUST04863,Deepika Verma,Regular,2023-08-29,LOC0078
CUST04864,Rohan Nair,Regular,2023-04-12,LOC0085
CUST04865,Suresh Patel,Loyal,2023-10-07,LOC0089
CUST04866,Neha Gupta,Regular,2022-10-28,LOC0025
CUST04867,Pooja Gowda,Loyal,2022-06-16,LOC0141
CUST04868,Ananya Verma,New,2025-06-02,LOC0137
CUST04869,Siddharth Mehta,Regular,2023-06-19,LOC0033
CUST04870,Neha Kumar,Regular,2023-01-26,LOC0095
CUST04871,Kavya Verma,New,2024-03-29,LOC0027
CUST04872,Suresh Joshi,New,2024-02-09,LOC0050
CUST04873,Rohan Kumar,New,2022-09-08,LOC0051
CUST04874,Rahul Das,Premium,2023-01-16,LOC0014
CUST04875,Rahul Rao,Loyal,2023-06-25,LOC0016
CUST04876,Pooja Sharma,New,2023-08-10,LOC0137
CUST04877,Priya Verma,Regular,2024-08-17,LOC0105
CUST04878,Anita Kumar,New,2024-03-23,LOC0081
CUST04879,Divya Chawla,New,2024-10-08,LOC0079
CUST04880,Pooja Patel,Regular,2024-04-19,LOC0048
CUST04881,Priya Reddy,New,2025-01-23,LOC0069
CUST04882,Ananya Chawla,Premium,2024-06-27,LOC0022
CUST04883,Priya Sharma,Loyal,2025-02-20,LOC0027
CUST04884,Aditya Mehta,New,2023-10-05,LOC0024
CUST04885,Suresh Reddy,New,2024-08-22,LOC0065
CUST04886,Priya Mehta,Loyal,2022-08-24,LOC0107
CUST04887,Vikram Reddy,Regular,2022-04-10,LOC0128
CUST04888,Aditya Nair,Loyal,2024-04-13,LOC0098
CUST04889,Rajesh Mehta,New,2022-11-19,LOC0136
CUST04890,Siddharth Deshmukh,Regular,2024-06-09,LOC0023
CUST04891,Aarav Das,Regular,2022-11-06,LOC0036
CUST04892,Sneha Deshmukh,Regular,2024-12-13,LOC0034
CUST04893,Karthik Verma,New,2022-07-31,LOC0041
CUST04894,Ananya Pillai,Regular,2024-03-12,LOC0087
CUST04895,Vikram Singh,Premium,2024-04-17,LOC0119
CUST04896,Vikram Menon,New,2022-10-04,LOC0076
CUST04897,Ananya Joshi,Regular,2023-06-28,LOC0006
CUST04898,Vikram Banerjee,New,2022-06-27,LOC0098
CUST04899,Anita Sharma,New,2024-12-23,LOC0047
CUST04900,Divya Das,New,2025-01-24,LOC0123
CUST04901,Aditya Menon,New,2022-08-22,LOC0149
CUST04902,Rohan Banerjee,Regular,2023-08-07,LOC0085
CUST04903,Siddharth Gupta,New,2023-03-20,LOC0100
CUST04904,Sneha Chawla,Regular,2023-06-07,LOC0132
CUST04905,Suresh Banerjee,New,2023-07-12,LOC0098
CUST04906,Deepika Menon,Regular,2022-11-16,LOC0053
CUST04907,Ananya Chawla,Loyal,2022-06-15,LOC0036
CUST04908,Aarav Iyer,Regular,2025-02-07,LOC0050
CUST04909,Aarav Singh,Regular,2024-08-27,LOC0071
CUST04910,Karthik Iyer,New,2023-12-02,LOC0004
CUST04911,Aarav Gupta,Loyal,2022-11-18,LOC0066
CUST04912,Suresh Bhat,Regular,2024-08-05,LOC0063
CUST04913,Rajesh Kumar,New,2022-10-11,LOC0032
CUST04914,Rajesh Verma,Regular,2023-02-23,LOC0079
CUST04915,Anita Rao,Premium,2023-03-08,LOC0024
CUST04916,Divya Deshmukh,Loyal,2024-06-28,LOC0015
CUST04917,Rahul Rao,Regular,2024-09-01,LOC0101
CUST04918,Anita Singh,Regular,2024-05-31,LOC0133
CUST04919,Suresh Chawla,Regular,2023-08-09,LOC0039
CUST04920,Neha Das,Regular,2024-09-14,LOC0137
CUST04921,Neha Banerjee,Loyal,2024-10-12,LOC0138
CUST04922,Priya Banerjee,Regular,2023-02-16,LOC0063
CUST04923,Ananya Chawla,Regular,2023-09-23,LOC0088
CUST04924,Pooja Chawla,Regular,2024-11-11,LOC0105
CUST04925,Suresh Sharma,New,2024-10-21,LOC0103
CUST04926,Anita Rao,Regular,2025-01-21,LOC0069
CUST04927,Rajesh Joshi,New,2023-07-12,LOC0086
CUST04928,Kavya Das,Premium,2022-09-03,LOC0021
CUST04929,Rahul Das,Regular,2024-04-01,LOC0085
CUST04930, Neha Banerjee ,New,2023-10-07,LOC0126
CUST04931,Karthik Singh,Regular,2025-08-04,LOC0017
CUST04932,Pooja Banerjee,Regular,2024-05-18,LOC0041
CUST04933,Rahul Patel,Regular,2022-06-02,LOC0127
CUST04934,Rahul Rao,Regular,2024-05-05,LOC0105
CUST04935,Rahul Iyer,New,2024-09-06,LOC0112
CUST04936,Priya Menon,Regular,2023-09-03,LOC0136
CUST04937,Kavya Sharma,Regular,2024-07-08,LOC0053
CUST04938,Suresh Nair,Regular,2025-04-04,LOC0029
CUST04939,Arjun Verma,Regular,2025-01-03,LOC0084
CUST04940,Vikram Nair,Regular,2023-01-06,LOC0033
CUST04941,Anita Gupta,Regular,2024-09-26,LOC0043
CUST04942,Divya Gowda,Loyal,2024-07-11,LOC0134
CUST04943,Divya Verma,Premium,2025-02-20,LOC0130
CUST04944,Siddharth Sharma,Regular,2023-04-08,LOC0077
CUST04945,Rohan Joshi,Regular,2023-12-04,LOC0062
CUST04946,Suresh Mehta,New,2024-07-14,LOC0125
CUST04947,Sneha Joshi,Loyal,2023-05-27,LOC0107
CUST04948,Sneha Rao,New,2022-08-12,LOC0101
CUST04949,Divya Deshmukh,Regular,2025-03-28,LOC0104
CUST04950,Vikram Deshmukh,Regular,2022-12-12,LOC0086
CUST04951,Aditya Kumar,New,2023-09-26,LOC0017
CUST04952,Vikram Banerjee,Regular,2023-08-29,LOC0114
CUST04953,Vikram Banerjee,New,2024-07-23,LOC0011
CUST04954,Rohan Das,Regular,2024-07-29,LOC0056
CUST04955,Aarav Deshmukh,Regular,2023-04-27,LOC0082
CUST04956,Rohan Nair,New,2022-12-21,LOC0107
CUST04957,Deepika Das,New,2023-10-14,LOC0132
CUST04958,Aditya Sharma,Loyal,2023-12-13,LOC0006
CUST04959,Rahul Iyer,Regular,2024-04-04,LOC0145
CUST04960,Priya Menon,Regular,2022-06-23,LOC0117
CUST04961,Sneha Iyer,New,2024-05-23,LOC0071
CUST04962,Pooja Menon,Regular,2023-09-21,LOC0053
CUST04963,Divya Singh,Regular,2023-08-26,LOC0046
CUST04964,Kavya Banerjee,Regular,2023-01-16,LOC0147
CUST04965,Karthik Pillai,Loyal,2023-05-17,LOC0098
CUST04966,Rajesh Verma,New,2022-05-19,LOC0093
CUST04967,Deepika Singh,Regular,2024-04-25,LOC0054
CUST04968,Pooja Rao,Regular,2023-11-25,LOC0121
CUST04969,Priya Joshi,New,2024-09-01,LOC0145
CUST04970,Vikram Sharma,Regular,2022-12-06,LOC0014
CUST04971,Kavya Kumar,Regular,2023-10-25,LOC0054
CUST04972,Karthik Pillai,New,2022-12-21,LOC0013
CUST04973,Rahul Singh,Loyal,2023-08-18,LOC0059
CUST04974,Deepika Singh,Loyal,2024-07-10,LOC0019
CUST04975,Siddharth Gowda,Regular,2022-09-12,LOC0045
CUST04976,Sneha Pillai,New,2023-03-30,LOC0103
CUST04977,Kavya Joshi,New,2024-06-09,LOC0125
CUST04978,Aditya Gowda,Regular,2024-12-29,LOC0096
CUST04979,Deepika Joshi,Regular,2023-06-16,LOC0038
CUST04980,Sneha Das,Loyal,2022-04-12,LOC0150
CUST04981,Sneha Deshmukh,Regular,2023-01-03,LOC0125
CUST04982,Suresh Patel,New,2023-03-26,LOC0104
CUST04983,Suresh Singh,Loyal,2023-12-01,LOC0031
CUST04984,Divya Nair,Regular,2023-04-07,LOC0078
CUST04985,Pooja Sharma,Regular,2022-08-20,LOC0065
CUST04986,Rajesh Pillai,New,2024-02-14,LOC0025
CUST04987,Meera Bhat,Premium,2024-05-02,LOC0063
CUST04988,Priya Gowda,Regular,2024-07-06,LOC0082
CUST04989,Ananya Banerjee,Premium,2022-08-11,LOC0128
CUST04990,Sneha Mehta,New,2023-04-18,LOC0119
CUST04991,Deepika Mehta,Regular,2022-11-30,LOC0020
CUST04992,Deepika Sharma,Loyal,2024-06-13,LOC0011
CUST04993,Karthik Verma,Loyal,2023-10-03,LOC0147
CUST04994,Siddharth Bhat,Regular,2024-04-28,LOC0140
CUST04995,Deepika Nair,Regular,2023-02-20,LOC0081
CUST04996,Aditya Reddy,Regular,2024-12-12,LOC0094
CUST04997,Kavya Gowda,Regular,2023-05-16,LOC0114
CUST04998,Kavya Das,Regular,2024-12-09,LOC0110
CUST04999,Kavya Das,Regular,2024-04-15,LOC0092
CUST05000,Deepika Chawla,Regular,2024-04-22,LOC0015
